uid,role,patient_id,case_id,slide_id,roi,image,x,y,label,class_name,coordinate_source
training_set_metastatic_roi_026:102,TRAIN,,,,training_set_metastatic_roi_026,/content/drive/MyDrive/Research/PUMA/Exploration_8_Diversity_Aware_Wider_Field_and_Boundary_Optimization/INPUTS/QUICK_BENCHMARK/Dataset/01_training_dataset_tif_ROIs/training_set_metastatic_roi_026.tif,968.744996,255.083986,2,plasma_cell,gt
training_set_metastatic_roi_026:249,TRAIN,,,,training_set_metastatic_roi_026,/content/drive/MyDrive/Research/PUMA/Exploration_8_Diversity_Aware_Wider_Field_and_Boundary_Optimization/INPUTS/QUICK_BENCHMARK/Dataset/01_training_dataset_tif_ROIs/training_set_metastatic_roi_026.tif,868.57566,486.101777,2,plasma_cell,gt
training_set_metastatic_roi_026:261,TRAIN,,,,training_set_metastatic_roi_026,/content/drive/MyDrive/Research/PUMA/Exploration_8_Diversity_Aware_Wider_Field_and_Boundary_Optimization/INPUTS/QUICK_BENCHMARK/Dataset/01_training_dataset_tif_ROIs/training_set_metastatic_roi_026.tif,278.334614,863.839095,2,plasma_cell,gt
training_set_metastatic_roi_026:302,TRAIN,,,,training_set_metastatic_roi_026,/content/drive/MyDrive/Research/PUMA/Exploration_8_Diversity_Aware_Wider_Field_and_Boundary_Optimization/INPUTS/QUICK_BENCHMARK/Dataset/01_training_dataset_tif_ROIs/training_set_metastatic_roi_026.tif,561.410767,1000.880531,2,plasma_cell,gt
training_set_metastatic_roi_026:320,TRAIN,,,,training_set_metastatic_roi_026,/content/drive/MyDrive/Research/PUMA/Exploration_8_Diversity_Aware_Wider_Field_and_Boundary_Optimization/INPUTS/QUICK_BENCHMARK/Dataset/01_training_dataset_tif_ROIs/training_set_metastatic_roi_026.tif,282.629893,774.807236,2,plasma_cell,gt
training_set_metastatic_roi_026:468,TRAIN,,,,training_set_metastatic_roi_026,/content/drive/MyDrive/Research/PUMA/Exploration_8_Diversity_Aware_Wider_Field_and_Boundary_Optimization/INPUTS/QUICK_BENCHMARK/Dataset/01_training_dataset_tif_ROIs/training_set_metastatic_roi_026.tif,224.400217,816.339832,2,plasma_cell,gt
training_set_metastatic_roi_026:469,TRAIN,,,,training_set_metastatic_roi_026,/content/drive/MyDrive/Research/PUMA/Exploration_8_Diversity_Aware_Wider_Field_and_Boundary_Optimization/INPUTS/QUICK_BENCHMARK/Dataset/01_training_dataset_tif_ROIs/training_set_metastatic_roi_026.tif,252.796277,793.479526,2,plasma_cell,gt
training_set_metastatic_roi_026:470,TRAIN,,,,training_set_metastatic_roi_026,/content/drive/MyDrive/Research/PUMA/Exploration_8_Diversity_Aware_Wider_Field_and_Boundary_Optimization/INPUTS/QUICK_BENCHMARK/Dataset/01_training_dataset_tif_ROIs/training_set_metastatic_roi_026.tif,71.009301,907.357143,2,plasma_cell,gt
training_set_metastatic_roi_026:471,TRAIN,,,,training_set_metastatic_roi_026,/content/drive/MyDrive/Research/PUMA/Exploration_8_Diversity_Aware_Wider_Field_and_Boundary_Optimization/INPUTS/QUICK_BENCHMARK/Dataset/01_training_dataset_tif_ROIs/training_set_metastatic_roi_026.tif,129.023997,899.455497,2,plasma_cell,gt
training_set_metastatic_roi_026:501,TRAIN,,,,training_set_metastatic_roi_026,/content/drive/MyDrive/Research/PUMA/Exploration_8_Diversity_Aware_Wider_Field_and_Boundary_Optimization/INPUTS/QUICK_BENCHMARK/Dataset/01_training_dataset_tif_ROIs/training_set_metastatic_roi_026.tif,353.199425,994.743103,2,plasma_cell,gt
training_set_metastatic_roi_026:503,TRAIN,,,,training_set_metastatic_roi_026,/content/drive/MyDrive/Research/PUMA/Exploration_8_Diversity_Aware_Wider_Field_and_Boundary_Optimization/INPUTS/QUICK_BENCHMARK/Dataset/01_training_dataset_tif_ROIs/training_set_metastatic_roi_026.tif,98.066946,999.830776,5,neutrophil,gt
training_set_metastatic_roi_026:508,TRAIN,,,,training_set_metastatic_roi_026,/content/drive/MyDrive/Research/PUMA/Exploration_8_Diversity_Aware_Wider_Field_and_Boundary_Optimization/INPUTS/QUICK_BENCHMARK/Dataset/01_training_dataset_tif_ROIs/training_set_metastatic_roi_026.tif,174.164659,956.774005,2,plasma_cell,gt
training_set_metastatic_roi_026:537,TRAIN,,,,training_set_metastatic_roi_026,/content/drive/MyDrive/Research/PUMA/Exploration_8_Diversity_Aware_Wider_Field_and_Boundary_Optimization/INPUTS/QUICK_BENCHMARK/Dataset/01_training_dataset_tif_ROIs/training_set_metastatic_roi_026.tif,657.276487,295.006864,9,apoptosis,gt
training_set_metastatic_roi_026:543,TRAIN,,,,training_set_metastatic_roi_026,/content/drive/MyDrive/Research/PUMA/Exploration_8_Diversity_Aware_Wider_Field_and_Boundary_Optimization/INPUTS/QUICK_BENCHMARK/Dataset/01_training_dataset_tif_ROIs/training_set_metastatic_roi_026.tif,653.159102,614.389458,9,apoptosis,gt
training_set_metastatic_roi_028:163,TRAIN,,,,training_set_metastatic_roi_028,/content/drive/MyDrive/Research/PUMA/Exploration_8_Diversity_Aware_Wider_Field_and_Boundary_Optimization/INPUTS/QUICK_BENCHMARK/Dataset/01_training_dataset_tif_ROIs/training_set_metastatic_roi_028.tif,499.276551,139.236593,1,lymphocyte,gt
training_set_metastatic_roi_028:309,TRAIN,,,,training_set_metastatic_roi_028,/content/drive/MyDrive/Research/PUMA/Exploration_8_Diversity_Aware_Wider_Field_and_Boundary_Optimization/INPUTS/QUICK_BENCHMARK/Dataset/01_training_dataset_tif_ROIs/training_set_metastatic_roi_028.tif,738.990222,818.694222,5,neutrophil,gt
training_set_metastatic_roi_028:395,TRAIN,,,,training_set_metastatic_roi_028,/content/drive/MyDrive/Research/PUMA/Exploration_8_Diversity_Aware_Wider_Field_and_Boundary_Optimization/INPUTS/QUICK_BENCHMARK/Dataset/01_training_dataset_tif_ROIs/training_set_metastatic_roi_028.tif,588.125534,615.691774,0,tumor,gt
training_set_metastatic_roi_028:40,TRAIN,,,,training_set_metastatic_roi_028,/content/drive/MyDrive/Research/PUMA/Exploration_8_Diversity_Aware_Wider_Field_and_Boundary_Optimization/INPUTS/QUICK_BENCHMARK/Dataset/01_training_dataset_tif_ROIs/training_set_metastatic_roi_028.tif,253.641927,633.909668,0,tumor,gt
training_set_metastatic_roi_028:470,TRAIN,,,,training_set_metastatic_roi_028,/content/drive/MyDrive/Research/PUMA/Exploration_8_Diversity_Aware_Wider_Field_and_Boundary_Optimization/INPUTS/QUICK_BENCHMARK/Dataset/01_training_dataset_tif_ROIs/training_set_metastatic_roi_028.tif,890.079868,889.90033,0,tumor,gt
training_set_metastatic_roi_028:485,TRAIN,,,,training_set_metastatic_roi_028,/content/drive/MyDrive/Research/PUMA/Exploration_8_Diversity_Aware_Wider_Field_and_Boundary_Optimization/INPUTS/QUICK_BENCHMARK/Dataset/01_training_dataset_tif_ROIs/training_set_metastatic_roi_028.tif,503.084462,920.219124,0,tumor,gt
training_set_metastatic_roi_028:511,TRAIN,,,,training_set_metastatic_roi_028,/content/drive/MyDrive/Research/PUMA/Exploration_8_Diversity_Aware_Wider_Field_and_Boundary_Optimization/INPUTS/QUICK_BENCHMARK/Dataset/01_training_dataset_tif_ROIs/training_set_metastatic_roi_028.tif,909.589286,69.44898,6,stroma,gt
training_set_metastatic_roi_028:594,TRAIN,,,,training_set_metastatic_roi_028,/content/drive/MyDrive/Research/PUMA/Exploration_8_Diversity_Aware_Wider_Field_and_Boundary_Optimization/INPUTS/QUICK_BENCHMARK/Dataset/01_training_dataset_tif_ROIs/training_set_metastatic_roi_028.tif,556.657448,887.885978,2,plasma_cell,gt
training_set_metastatic_roi_028:600,TRAIN,,,,training_set_metastatic_roi_028,/content/drive/MyDrive/Research/PUMA/Exploration_8_Diversity_Aware_Wider_Field_and_Boundary_Optimization/INPUTS/QUICK_BENCHMARK/Dataset/01_training_dataset_tif_ROIs/training_set_metastatic_roi_028.tif,21.832535,191.901475,2,plasma_cell,gt
training_set_metastatic_roi_028:601,TRAIN,,,,training_set_metastatic_roi_028,/content/drive/MyDrive/Research/PUMA/Exploration_8_Diversity_Aware_Wider_Field_and_Boundary_Optimization/INPUTS/QUICK_BENCHMARK/Dataset/01_training_dataset_tif_ROIs/training_set_metastatic_roi_028.tif,70.043603,166.335478,2,plasma_cell,gt
training_set_metastatic_roi_028:602,TRAIN,,,,training_set_metastatic_roi_028,/content/drive/MyDrive/Research/PUMA/Exploration_8_Diversity_Aware_Wider_Field_and_Boundary_Optimization/INPUTS/QUICK_BENCHMARK/Dataset/01_training_dataset_tif_ROIs/training_set_metastatic_roi_028.tif,84.009979,885.123206,2,plasma_cell,gt
training_set_metastatic_roi_028:614,TRAIN,,,,training_set_metastatic_roi_028,/content/drive/MyDrive/Research/PUMA/Exploration_8_Diversity_Aware_Wider_Field_and_Boundary_Optimization/INPUTS/QUICK_BENCHMARK/Dataset/01_training_dataset_tif_ROIs/training_set_metastatic_roi_028.tif,738.617424,352.371503,3,histiocyte,gt
training_set_metastatic_roi_028:624,TRAIN,,,,training_set_metastatic_roi_028,/content/drive/MyDrive/Research/PUMA/Exploration_8_Diversity_Aware_Wider_Field_and_Boundary_Optimization/INPUTS/QUICK_BENCHMARK/Dataset/01_training_dataset_tif_ROIs/training_set_metastatic_roi_028.tif,932.903122,720.201102,6,stroma,gt
training_set_metastatic_roi_028:631,TRAIN,,,,training_set_metastatic_roi_028,/content/drive/MyDrive/Research/PUMA/Exploration_8_Diversity_Aware_Wider_Field_and_Boundary_Optimization/INPUTS/QUICK_BENCHMARK/Dataset/01_training_dataset_tif_ROIs/training_set_metastatic_roi_028.tif,332.062692,381.466275,2,plasma_cell,gt
training_set_metastatic_roi_028:632,TRAIN,,,,training_set_metastatic_roi_028,/content/drive/MyDrive/Research/PUMA/Exploration_8_Diversity_Aware_Wider_Field_and_Boundary_Optimization/INPUTS/QUICK_BENCHMARK/Dataset/01_training_dataset_tif_ROIs/training_set_metastatic_roi_028.tif,220.672895,357.572705,2,plasma_cell,gt
training_set_metastatic_roi_028:86,TRAIN,,,,training_set_metastatic_roi_028,/content/drive/MyDrive/Research/PUMA/Exploration_8_Diversity_Aware_Wider_Field_and_Boundary_Optimization/INPUTS/QUICK_BENCHMARK/Dataset/01_training_dataset_tif_ROIs/training_set_metastatic_roi_028.tif,581.083996,323.801061,1,lymphocyte,gt
training_set_metastatic_roi_046:21,TRAIN,,,,training_set_metastatic_roi_046,/content/drive/MyDrive/Research/PUMA/Exploration_8_Diversity_Aware_Wider_Field_and_Boundary_Optimization/INPUTS/QUICK_BENCHMARK/Dataset/01_training_dataset_tif_ROIs/training_set_metastatic_roi_046.tif,495.828271,43.159503,0,tumor,gt
training_set_metastatic_roi_046:235,TRAIN,,,,training_set_metastatic_roi_046,/content/drive/MyDrive/Research/PUMA/Exploration_8_Diversity_Aware_Wider_Field_and_Boundary_Optimization/INPUTS/QUICK_BENCHMARK/Dataset/01_training_dataset_tif_ROIs/training_set_metastatic_roi_046.tif,387.633685,590.029024,6,stroma,gt
training_set_metastatic_roi_046:250,TRAIN,,,,training_set_metastatic_roi_046,/content/drive/MyDrive/Research/PUMA/Exploration_8_Diversity_Aware_Wider_Field_and_Boundary_Optimization/INPUTS/QUICK_BENCHMARK/Dataset/01_training_dataset_tif_ROIs/training_set_metastatic_roi_046.tif,396.827815,615.209713,9,apoptosis,gt
training_set_metastatic_roi_046:268,TRAIN,,,,training_set_metastatic_roi_046,/content/drive/MyDrive/Research/PUMA/Exploration_8_Diversity_Aware_Wider_Field_and_Boundary_Optimization/INPUTS/QUICK_BENCHMARK/Dataset/01_training_dataset_tif_ROIs/training_set_metastatic_roi_046.tif,480.277418,672.217423,0,tumor,gt
training_set_metastatic_roi_046:290,TRAIN,,,,training_set_metastatic_roi_046,/content/drive/MyDrive/Research/PUMA/Exploration_8_Diversity_Aware_Wider_Field_and_Boundary_Optimization/INPUTS/QUICK_BENCHMARK/Dataset/01_training_dataset_tif_ROIs/training_set_metastatic_roi_046.tif,822.543333,730.64,9,apoptosis,gt
training_set_metastatic_roi_046:327,TRAIN,,,,training_set_metastatic_roi_046,/content/drive/MyDrive/Research/PUMA/Exploration_8_Diversity_Aware_Wider_Field_and_Boundary_Optimization/INPUTS/QUICK_BENCHMARK/Dataset/01_training_dataset_tif_ROIs/training_set_metastatic_roi_046.tif,923.998505,834.405082,6,stroma,gt
training_set_metastatic_roi_046:410,TRAIN,,,,training_set_metastatic_roi_046,/content/drive/MyDrive/Research/PUMA/Exploration_8_Diversity_Aware_Wider_Field_and_Boundary_Optimization/INPUTS/QUICK_BENCHMARK/Dataset/01_training_dataset_tif_ROIs/training_set_metastatic_roi_046.tif,831.789382,209.749347,5,neutrophil,gt
training_set_metastatic_roi_046:415,TRAIN,,,,training_set_metastatic_roi_046,/content/drive/MyDrive/Research/PUMA/Exploration_8_Diversity_Aware_Wider_Field_and_Boundary_Optimization/INPUTS/QUICK_BENCHMARK/Dataset/01_training_dataset_tif_ROIs/training_set_metastatic_roi_046.tif,86.020019,704.955307,5,neutrophil,gt
training_set_metastatic_roi_046:420,TRAIN,,,,training_set_metastatic_roi_046,/content/drive/MyDrive/Research/PUMA/Exploration_8_Diversity_Aware_Wider_Field_and_Boundary_Optimization/INPUTS/QUICK_BENCHMARK/Dataset/01_training_dataset_tif_ROIs/training_set_metastatic_roi_046.tif,455.48951,692.613054,5,neutrophil,gt
training_set_metastatic_roi_056:0,TRAIN,,,,training_set_metastatic_roi_056,/content/drive/MyDrive/Research/PUMA/Exploration_8_Diversity_Aware_Wider_Field_and_Boundary_Optimization/INPUTS/QUICK_BENCHMARK/Dataset/01_training_dataset_tif_ROIs/training_set_metastatic_roi_056.tif,505.414883,782.646279,8,endothelium,gt
training_set_metastatic_roi_056:193,TRAIN,,,,training_set_metastatic_roi_056,/content/drive/MyDrive/Research/PUMA/Exploration_8_Diversity_Aware_Wider_Field_and_Boundary_Optimization/INPUTS/QUICK_BENCHMARK/Dataset/01_training_dataset_tif_ROIs/training_set_metastatic_roi_056.tif,587.947814,867.052656,5,neutrophil,gt
training_set_metastatic_roi_056:306,TRAIN,,,,training_set_metastatic_roi_056,/content/drive/MyDrive/Research/PUMA/Exploration_8_Diversity_Aware_Wider_Field_and_Boundary_Optimization/INPUTS/QUICK_BENCHMARK/Dataset/01_training_dataset_tif_ROIs/training_set_metastatic_roi_056.tif,577.190476,790.18254,5,neutrophil,gt
training_set_metastatic_roi_056:340,TRAIN,,,,training_set_metastatic_roi_056,/content/drive/MyDrive/Research/PUMA/Exploration_8_Diversity_Aware_Wider_Field_and_Boundary_Optimization/INPUTS/QUICK_BENCHMARK/Dataset/01_training_dataset_tif_ROIs/training_set_metastatic_roi_056.tif,500.77709,520.553148,5,neutrophil,gt
training_set_metastatic_roi_056:76,TRAIN,,,,training_set_metastatic_roi_056,/content/drive/MyDrive/Research/PUMA/Exploration_8_Diversity_Aware_Wider_Field_and_Boundary_Optimization/INPUTS/QUICK_BENCHMARK/Dataset/01_training_dataset_tif_ROIs/training_set_metastatic_roi_056.tif,504.131667,659.92625,8,endothelium,gt
training_set_metastatic_roi_065:195,TRAIN,,,,training_set_metastatic_roi_065,/content/drive/MyDrive/Research/PUMA/Exploration_8_Diversity_Aware_Wider_Field_and_Boundary_Optimization/INPUTS/QUICK_BENCHMARK/Dataset/01_training_dataset_tif_ROIs/training_set_metastatic_roi_065.tif,860.563842,584.823729,9,apoptosis,gt
training_set_metastatic_roi_065:444,TRAIN,,,,training_set_metastatic_roi_065,/content/drive/MyDrive/Research/PUMA/Exploration_8_Diversity_Aware_Wider_Field_and_Boundary_Optimization/INPUTS/QUICK_BENCHMARK/Dataset/01_training_dataset_tif_ROIs/training_set_metastatic_roi_065.tif,267.083832,737.251497,3,histiocyte,gt
training_set_metastatic_roi_065:530,TRAIN,,,,training_set_metastatic_roi_065,/content/drive/MyDrive/Research/PUMA/Exploration_8_Diversity_Aware_Wider_Field_and_Boundary_Optimization/INPUTS/QUICK_BENCHMARK/Dataset/01_training_dataset_tif_ROIs/training_set_metastatic_roi_065.tif,951.402679,616.300281,2,plasma_cell,gt
training_set_metastatic_roi_065:531,TRAIN,,,,training_set_metastatic_roi_065,/content/drive/MyDrive/Research/PUMA/Exploration_8_Diversity_Aware_Wider_Field_and_Boundary_Optimization/INPUTS/QUICK_BENCHMARK/Dataset/01_training_dataset_tif_ROIs/training_set_metastatic_roi_065.tif,986.852151,563.63172,2,plasma_cell,gt
training_set_metastatic_roi_065:532,TRAIN,,,,training_set_metastatic_roi_065,/content/drive/MyDrive/Research/PUMA/Exploration_8_Diversity_Aware_Wider_Field_and_Boundary_Optimization/INPUTS/QUICK_BENCHMARK/Dataset/01_training_dataset_tif_ROIs/training_set_metastatic_roi_065.tif,974.639834,586.570295,2,plasma_cell,gt
training_set_metastatic_roi_065:544,TRAIN,,,,training_set_metastatic_roi_065,/content/drive/MyDrive/Research/PUMA/Exploration_8_Diversity_Aware_Wider_Field_and_Boundary_Optimization/INPUTS/QUICK_BENCHMARK/Dataset/01_training_dataset_tif_ROIs/training_set_metastatic_roi_065.tif,385.634921,835.40377,9,apoptosis,gt
training_set_metastatic_roi_072:284,TRAIN,,,,training_set_metastatic_roi_072,/content/drive/MyDrive/Research/PUMA/Exploration_8_Diversity_Aware_Wider_Field_and_Boundary_Optimization/INPUTS/QUICK_BENCHMARK/Dataset/01_training_dataset_tif_ROIs/training_set_metastatic_roi_072.tif,185.147287,31.922911,0,tumor,gt
training_set_metastatic_roi_072:374,TRAIN,,,,training_set_metastatic_roi_072,/content/drive/MyDrive/Research/PUMA/Exploration_8_Diversity_Aware_Wider_Field_and_Boundary_Optimization/INPUTS/QUICK_BENCHMARK/Dataset/01_training_dataset_tif_ROIs/training_set_metastatic_roi_072.tif,817.138542,76.230729,2,plasma_cell,gt
training_set_metastatic_roi_072:412,TRAIN,,,,training_set_metastatic_roi_072,/content/drive/MyDrive/Research/PUMA/Exploration_8_Diversity_Aware_Wider_Field_and_Boundary_Optimization/INPUTS/QUICK_BENCHMARK/Dataset/01_training_dataset_tif_ROIs/training_set_metastatic_roi_072.tif,139.173372,671.051245,1,lymphocyte,gt
training_set_metastatic_roi_072:459,TRAIN,,,,training_set_metastatic_roi_072,/content/drive/MyDrive/Research/PUMA/Exploration_8_Diversity_Aware_Wider_Field_and_Boundary_Optimization/INPUTS/QUICK_BENCHMARK/Dataset/01_training_dataset_tif_ROIs/training_set_metastatic_roi_072.tif,114.829028,828.509225,1,lymphocyte,gt
training_set_metastatic_roi_072:481,TRAIN,,,,training_set_metastatic_roi_072,/content/drive/MyDrive/Research/PUMA/Exploration_8_Diversity_Aware_Wider_Field_and_Boundary_Optimization/INPUTS/QUICK_BENCHMARK/Dataset/01_training_dataset_tif_ROIs/training_set_metastatic_roi_072.tif,249.430226,735.751448,8,endothelium,gt
training_set_metastatic_roi_072:51,TRAIN,,,,training_set_metastatic_roi_072,/content/drive/MyDrive/Research/PUMA/Exploration_8_Diversity_Aware_Wider_Field_and_Boundary_Optimization/INPUTS/QUICK_BENCHMARK/Dataset/01_training_dataset_tif_ROIs/training_set_metastatic_roi_072.tif,610.311111,615.588278,0,tumor,gt
training_set_metastatic_roi_072:715,TRAIN,,,,training_set_metastatic_roi_072,/content/drive/MyDrive/Research/PUMA/Exploration_8_Diversity_Aware_Wider_Field_and_Boundary_Optimization/INPUTS/QUICK_BENCHMARK/Dataset/01_training_dataset_tif_ROIs/training_set_metastatic_roi_072.tif,932.163609,39.995413,2,plasma_cell,gt
training_set_metastatic_roi_072:89,TRAIN,,,,training_set_metastatic_roi_072,/content/drive/MyDrive/Research/PUMA/Exploration_8_Diversity_Aware_Wider_Field_and_Boundary_Optimization/INPUTS/QUICK_BENCHMARK/Dataset/01_training_dataset_tif_ROIs/training_set_metastatic_roi_072.tif,123.423342,31.20012,0,tumor,gt
training_set_metastatic_roi_101:112,TRAIN,,,,training_set_metastatic_roi_101,/content/drive/MyDrive/Research/PUMA/Exploration_8_Diversity_Aware_Wider_Field_and_Boundary_Optimization/INPUTS/QUICK_BENCHMARK/Dataset/01_training_dataset_tif_ROIs/training_set_metastatic_roi_101.tif,529.674468,262.768085,9,apoptosis,gt
training_set_metastatic_roi_101:194,TRAIN,,,,training_set_metastatic_roi_101,/content/drive/MyDrive/Research/PUMA/Exploration_8_Diversity_Aware_Wider_Field_and_Boundary_Optimization/INPUTS/QUICK_BENCHMARK/Dataset/01_training_dataset_tif_ROIs/training_set_metastatic_roi_101.tif,633.67284,482.277778,9,apoptosis,gt
training_set_metastatic_roi_101:237,TRAIN,,,,training_set_metastatic_roi_101,/content/drive/MyDrive/Research/PUMA/Exploration_8_Diversity_Aware_Wider_Field_and_Boundary_Optimization/INPUTS/QUICK_BENCHMARK/Dataset/01_training_dataset_tif_ROIs/training_set_metastatic_roi_101.tif,742.512579,605.015723,9,apoptosis,gt
training_set_metastatic_roi_101:271,TRAIN,,,,training_set_metastatic_roi_101,/content/drive/MyDrive/Research/PUMA/Exploration_8_Diversity_Aware_Wider_Field_and_Boundary_Optimization/INPUTS/QUICK_BENCHMARK/Dataset/01_training_dataset_tif_ROIs/training_set_metastatic_roi_101.tif,884.892241,717.732759,9,apoptosis,gt
training_set_metastatic_roi_101:343,TRAIN,,,,training_set_metastatic_roi_101,/content/drive/MyDrive/Research/PUMA/Exploration_8_Diversity_Aware_Wider_Field_and_Boundary_Optimization/INPUTS/QUICK_BENCHMARK/Dataset/01_training_dataset_tif_ROIs/training_set_metastatic_roi_101.tif,946.749421,719.066262,5,neutrophil,gt
training_set_primary_roi_007:119,TRAIN,,,,training_set_primary_roi_007,/content/drive/MyDrive/Research/PUMA/Exploration_8_Diversity_Aware_Wider_Field_and_Boundary_Optimization/INPUTS/QUICK_BENCHMARK/Dataset/01_training_dataset_tif_ROIs/training_set_primary_roi_007.tif,105.378607,382.16393,7,epithelium,gt
training_set_primary_roi_007:171,TRAIN,,,,training_set_primary_roi_007,/content/drive/MyDrive/Research/PUMA/Exploration_8_Diversity_Aware_Wider_Field_and_Boundary_Optimization/INPUTS/QUICK_BENCHMARK/Dataset/01_training_dataset_tif_ROIs/training_set_primary_roi_007.tif,645.246946,514.4363,4,melanophage,gt
training_set_primary_roi_007:189,TRAIN,,,,training_set_primary_roi_007,/content/drive/MyDrive/Research/PUMA/Exploration_8_Diversity_Aware_Wider_Field_and_Boundary_Optimization/INPUTS/QUICK_BENCHMARK/Dataset/01_training_dataset_tif_ROIs/training_set_primary_roi_007.tif,406.488557,592.897512,4,melanophage,gt
training_set_primary_roi_007:238,TRAIN,,,,training_set_primary_roi_007,/content/drive/MyDrive/Research/PUMA/Exploration_8_Diversity_Aware_Wider_Field_and_Boundary_Optimization/INPUTS/QUICK_BENCHMARK/Dataset/01_training_dataset_tif_ROIs/training_set_primary_roi_007.tif,352.943396,813.060198,4,melanophage,gt
training_set_primary_roi_007:297,TRAIN,,,,training_set_primary_roi_007,/content/drive/MyDrive/Research/PUMA/Exploration_8_Diversity_Aware_Wider_Field_and_Boundary_Optimization/INPUTS/QUICK_BENCHMARK/Dataset/01_training_dataset_tif_ROIs/training_set_primary_roi_007.tif,336.930808,664.794672,4,melanophage,gt
training_set_primary_roi_013:122,TRAIN,,,,training_set_primary_roi_013,/content/drive/MyDrive/Research/PUMA/Exploration_8_Diversity_Aware_Wider_Field_and_Boundary_Optimization/INPUTS/QUICK_BENCHMARK/Dataset/01_training_dataset_tif_ROIs/training_set_primary_roi_013.tif,440.112349,335.951253,3,histiocyte,gt
training_set_primary_roi_013:156,TRAIN,,,,training_set_primary_roi_013,/content/drive/MyDrive/Research/PUMA/Exploration_8_Diversity_Aware_Wider_Field_and_Boundary_Optimization/INPUTS/QUICK_BENCHMARK/Dataset/01_training_dataset_tif_ROIs/training_set_primary_roi_013.tif,791.334936,434.858173,6,stroma,gt
training_set_primary_roi_013:178,TRAIN,,,,training_set_primary_roi_013,/content/drive/MyDrive/Research/PUMA/Exploration_8_Diversity_Aware_Wider_Field_and_Boundary_Optimization/INPUTS/QUICK_BENCHMARK/Dataset/01_training_dataset_tif_ROIs/training_set_primary_roi_013.tif,922.342697,503.253558,3,histiocyte,gt
training_set_primary_roi_013:180,TRAIN,,,,training_set_primary_roi_013,/content/drive/MyDrive/Research/PUMA/Exploration_8_Diversity_Aware_Wider_Field_and_Boundary_Optimization/INPUTS/QUICK_BENCHMARK/Dataset/01_training_dataset_tif_ROIs/training_set_primary_roi_013.tif,160.30491,509.676141,3,histiocyte,gt
training_set_primary_roi_013:26,TRAIN,,,,training_set_primary_roi_013,/content/drive/MyDrive/Research/PUMA/Exploration_8_Diversity_Aware_Wider_Field_and_Boundary_Optimization/INPUTS/QUICK_BENCHMARK/Dataset/01_training_dataset_tif_ROIs/training_set_primary_roi_013.tif,353.10986,60.182532,7,epithelium,gt
training_set_primary_roi_013:274,TRAIN,,,,training_set_primary_roi_013,/content/drive/MyDrive/Research/PUMA/Exploration_8_Diversity_Aware_Wider_Field_and_Boundary_Optimization/INPUTS/QUICK_BENCHMARK/Dataset/01_training_dataset_tif_ROIs/training_set_primary_roi_013.tif,829.292843,730.42454,8,endothelium,gt
training_set_primary_roi_013:280,TRAIN,,,,training_set_primary_roi_013,/content/drive/MyDrive/Research/PUMA/Exploration_8_Diversity_Aware_Wider_Field_and_Boundary_Optimization/INPUTS/QUICK_BENCHMARK/Dataset/01_training_dataset_tif_ROIs/training_set_primary_roi_013.tif,912.284848,742.808858,3,histiocyte,gt
training_set_primary_roi_013:34,TRAIN,,,,training_set_primary_roi_013,/content/drive/MyDrive/Research/PUMA/Exploration_8_Diversity_Aware_Wider_Field_and_Boundary_Optimization/INPUTS/QUICK_BENCHMARK/Dataset/01_training_dataset_tif_ROIs/training_set_primary_roi_013.tif,339.209447,73.185977,7,epithelium,gt
training_set_primary_roi_013:365,TRAIN,,,,training_set_primary_roi_013,/content/drive/MyDrive/Research/PUMA/Exploration_8_Diversity_Aware_Wider_Field_and_Boundary_Optimization/INPUTS/QUICK_BENCHMARK/Dataset/01_training_dataset_tif_ROIs/training_set_primary_roi_013.tif,465.523387,911.741014,8,endothelium,gt
training_set_primary_roi_013:434,TRAIN,,,,training_set_primary_roi_013,/content/drive/MyDrive/Research/PUMA/Exploration_8_Diversity_Aware_Wider_Field_and_Boundary_Optimization/INPUTS/QUICK_BENCHMARK/Dataset/01_training_dataset_tif_ROIs/training_set_primary_roi_013.tif,859.494253,1021.333333,8,endothelium,gt
training_set_primary_roi_013:437,TRAIN,,,,training_set_primary_roi_013,/content/drive/MyDrive/Research/PUMA/Exploration_8_Diversity_Aware_Wider_Field_and_Boundary_Optimization/INPUTS/QUICK_BENCHMARK/Dataset/01_training_dataset_tif_ROIs/training_set_primary_roi_013.tif,496.206251,171.417905,5,neutrophil,gt
training_set_primary_roi_013:443,TRAIN,,,,training_set_primary_roi_013,/content/drive/MyDrive/Research/PUMA/Exploration_8_Diversity_Aware_Wider_Field_and_Boundary_Optimization/INPUTS/QUICK_BENCHMARK/Dataset/01_training_dataset_tif_ROIs/training_set_primary_roi_013.tif,493.05288,207.488133,5,neutrophil,gt
training_set_primary_roi_025:10,TRAIN,,,,training_set_primary_roi_025,/content/drive/MyDrive/Research/PUMA/Exploration_8_Diversity_Aware_Wider_Field_and_Boundary_Optimization/INPUTS/QUICK_BENCHMARK/Dataset/01_training_dataset_tif_ROIs/training_set_primary_roi_025.tif,741.246541,37.480922,3,histiocyte,gt
training_set_primary_roi_025:118,TRAIN,,,,training_set_primary_roi_025,/content/drive/MyDrive/Research/PUMA/Exploration_8_Diversity_Aware_Wider_Field_and_Boundary_Optimization/INPUTS/QUICK_BENCHMARK/Dataset/01_training_dataset_tif_ROIs/training_set_primary_roi_025.tif,790.685714,507.705952,9,apoptosis,gt
training_set_primary_roi_025:155,TRAIN,,,,training_set_primary_roi_025,/content/drive/MyDrive/Research/PUMA/Exploration_8_Diversity_Aware_Wider_Field_and_Boundary_Optimization/INPUTS/QUICK_BENCHMARK/Dataset/01_training_dataset_tif_ROIs/training_set_primary_roi_025.tif,871.51369,635.852673,1,lymphocyte,gt
training_set_primary_roi_025:18,TRAIN,,,,training_set_primary_roi_025,/content/drive/MyDrive/Research/PUMA/Exploration_8_Diversity_Aware_Wider_Field_and_Boundary_Optimization/INPUTS/QUICK_BENCHMARK/Dataset/01_training_dataset_tif_ROIs/training_set_primary_roi_025.tif,546.385612,74.292566,1,lymphocyte,gt
training_set_primary_roi_025:193,TRAIN,,,,training_set_primary_roi_025,/content/drive/MyDrive/Research/PUMA/Exploration_8_Diversity_Aware_Wider_Field_and_Boundary_Optimization/INPUTS/QUICK_BENCHMARK/Dataset/01_training_dataset_tif_ROIs/training_set_primary_roi_025.tif,276.995351,776.983264,1,lymphocyte,gt
training_set_primary_roi_025:204,TRAIN,,,,training_set_primary_roi_025,/content/drive/MyDrive/Research/PUMA/Exploration_8_Diversity_Aware_Wider_Field_and_Boundary_Optimization/INPUTS/QUICK_BENCHMARK/Dataset/01_training_dataset_tif_ROIs/training_set_primary_roi_025.tif,269.643202,817.545894,9,apoptosis,gt
training_set_primary_roi_025:25,TRAIN,,,,training_set_primary_roi_025,/content/drive/MyDrive/Research/PUMA/Exploration_8_Diversity_Aware_Wider_Field_and_Boundary_Optimization/INPUTS/QUICK_BENCHMARK/Dataset/01_training_dataset_tif_ROIs/training_set_primary_roi_025.tif,862.698413,109.480683,3,histiocyte,gt
training_set_primary_roi_025:259,TRAIN,,,,training_set_primary_roi_025,/content/drive/MyDrive/Research/PUMA/Exploration_8_Diversity_Aware_Wider_Field_and_Boundary_Optimization/INPUTS/QUICK_BENCHMARK/Dataset/01_training_dataset_tif_ROIs/training_set_primary_roi_025.tif,2.947257,987.974684,9,apoptosis,gt
training_set_primary_roi_025:260,TRAIN,,,,training_set_primary_roi_025,/content/drive/MyDrive/Research/PUMA/Exploration_8_Diversity_Aware_Wider_Field_and_Boundary_Optimization/INPUTS/QUICK_BENCHMARK/Dataset/01_training_dataset_tif_ROIs/training_set_primary_roi_025.tif,252.029937,997.545769,9,apoptosis,gt
training_set_primary_roi_025:267,TRAIN,,,,training_set_primary_roi_025,/content/drive/MyDrive/Research/PUMA/Exploration_8_Diversity_Aware_Wider_Field_and_Boundary_Optimization/INPUTS/QUICK_BENCHMARK/Dataset/01_training_dataset_tif_ROIs/training_set_primary_roi_025.tif,4.201878,1007.636933,9,apoptosis,gt
training_set_primary_roi_025:278,TRAIN,,,,training_set_primary_roi_025,/content/drive/MyDrive/Research/PUMA/Exploration_8_Diversity_Aware_Wider_Field_and_Boundary_Optimization/INPUTS/QUICK_BENCHMARK/Dataset/01_training_dataset_tif_ROIs/training_set_primary_roi_025.tif,11.871974,909.974337,2,plasma_cell,gt
training_set_primary_roi_025:5,TRAIN,,,,training_set_primary_roi_025,/content/drive/MyDrive/Research/PUMA/Exploration_8_Diversity_Aware_Wider_Field_and_Boundary_Optimization/INPUTS/QUICK_BENCHMARK/Dataset/01_training_dataset_tif_ROIs/training_set_primary_roi_025.tif,917.954707,10.481378,3,histiocyte,gt
training_set_primary_roi_026:0,TRAIN,,,,training_set_primary_roi_026,/content/drive/MyDrive/Research/PUMA/Exploration_8_Diversity_Aware_Wider_Field_and_Boundary_Optimization/INPUTS/QUICK_BENCHMARK/Dataset/01_training_dataset_tif_ROIs/training_set_primary_roi_026.tif,464.575677,10.873502,8,endothelium,gt
training_set_primary_roi_026:149,TRAIN,,,,training_set_primary_roi_026,/content/drive/MyDrive/Research/PUMA/Exploration_8_Diversity_Aware_Wider_Field_and_Boundary_Optimization/INPUTS/QUICK_BENCHMARK/Dataset/01_training_dataset_tif_ROIs/training_set_primary_roi_026.tif,42.270988,591.25376,3,histiocyte,gt
training_set_primary_roi_026:154,TRAIN,,,,training_set_primary_roi_026,/content/drive/MyDrive/Research/PUMA/Exploration_8_Diversity_Aware_Wider_Field_and_Boundary_Optimization/INPUTS/QUICK_BENCHMARK/Dataset/01_training_dataset_tif_ROIs/training_set_primary_roi_026.tif,428.93609,609.988972,8,endothelium,gt
training_set_primary_roi_026:164,TRAIN,,,,training_set_primary_roi_026,/content/drive/MyDrive/Research/PUMA/Exploration_8_Diversity_Aware_Wider_Field_and_Boundary_Optimization/INPUTS/QUICK_BENCHMARK/Dataset/01_training_dataset_tif_ROIs/training_set_primary_roi_026.tif,439.173143,667.527624,8,endothelium,gt
training_set_primary_roi_026:213,TRAIN,,,,training_set_primary_roi_026,/content/drive/MyDrive/Research/PUMA/Exploration_8_Diversity_Aware_Wider_Field_and_Boundary_Optimization/INPUTS/QUICK_BENCHMARK/Dataset/01_training_dataset_tif_ROIs/training_set_primary_roi_026.tif,58.463304,891.381372,3,histiocyte,gt
training_set_primary_roi_026:228,TRAIN,,,,training_set_primary_roi_026,/content/drive/MyDrive/Research/PUMA/Exploration_8_Diversity_Aware_Wider_Field_and_Boundary_Optimization/INPUTS/QUICK_BENCHMARK/Dataset/01_training_dataset_tif_ROIs/training_set_primary_roi_026.tif,161.507687,962.771838,3,histiocyte,gt
training_set_primary_roi_026:249,TRAIN,,,,training_set_primary_roi_026,/content/drive/MyDrive/Research/PUMA/Exploration_8_Diversity_Aware_Wider_Field_and_Boundary_Optimization/INPUTS/QUICK_BENCHMARK/Dataset/01_training_dataset_tif_ROIs/training_set_primary_roi_026.tif,742.085145,1020.849638,3,histiocyte,gt
training_set_primary_roi_026:53,TRAIN,,,,training_set_primary_roi_026,/content/drive/MyDrive/Research/PUMA/Exploration_8_Diversity_Aware_Wider_Field_and_Boundary_Optimization/INPUTS/QUICK_BENCHMARK/Dataset/01_training_dataset_tif_ROIs/training_set_primary_roi_026.tif,603.618392,182.375551,8,endothelium,gt
training_set_primary_roi_026:54,TRAIN,,,,training_set_primary_roi_026,/content/drive/MyDrive/Research/PUMA/Exploration_8_Diversity_Aware_Wider_Field_and_Boundary_Optimization/INPUTS/QUICK_BENCHMARK/Dataset/01_training_dataset_tif_ROIs/training_set_primary_roi_026.tif,142.298503,179.927083,8,endothelium,gt
training_set_primary_roi_026:9,TRAIN,,,,training_set_primary_roi_026,/content/drive/MyDrive/Research/PUMA/Exploration_8_Diversity_Aware_Wider_Field_and_Boundary_Optimization/INPUTS/QUICK_BENCHMARK/Dataset/01_training_dataset_tif_ROIs/training_set_primary_roi_026.tif,782.574097,34.050228,4,melanophage,gt
training_set_primary_roi_036:116,TRAIN,,,,training_set_primary_roi_036,/content/drive/MyDrive/Research/PUMA/Exploration_8_Diversity_Aware_Wider_Field_and_Boundary_Optimization/INPUTS/QUICK_BENCHMARK/Dataset/01_training_dataset_tif_ROIs/training_set_primary_roi_036.tif,635.828567,228.672215,7,epithelium,gt
training_set_primary_roi_036:156,TRAIN,,,,training_set_primary_roi_036,/content/drive/MyDrive/Research/PUMA/Exploration_8_Diversity_Aware_Wider_Field_and_Boundary_Optimization/INPUTS/QUICK_BENCHMARK/Dataset/01_training_dataset_tif_ROIs/training_set_primary_roi_036.tif,227.59605,316.078596,6,stroma,gt
training_set_primary_roi_036:16,TRAIN,,,,training_set_primary_roi_036,/content/drive/MyDrive/Research/PUMA/Exploration_8_Diversity_Aware_Wider_Field_and_Boundary_Optimization/INPUTS/QUICK_BENCHMARK/Dataset/01_training_dataset_tif_ROIs/training_set_primary_roi_036.tif,705.26366,24.208287,7,epithelium,gt
training_set_primary_roi_036:223,TRAIN,,,,training_set_primary_roi_036,/content/drive/MyDrive/Research/PUMA/Exploration_8_Diversity_Aware_Wider_Field_and_Boundary_Optimization/INPUTS/QUICK_BENCHMARK/Dataset/01_training_dataset_tif_ROIs/training_set_primary_roi_036.tif,432.841964,420.508631,6,stroma,gt
training_set_primary_roi_036:277,TRAIN,,,,training_set_primary_roi_036,/content/drive/MyDrive/Research/PUMA/Exploration_8_Diversity_Aware_Wider_Field_and_Boundary_Optimization/INPUTS/QUICK_BENCHMARK/Dataset/01_training_dataset_tif_ROIs/training_set_primary_roi_036.tif,806.147873,517.273656,0,tumor,gt
training_set_primary_roi_036:434,TRAIN,,,,training_set_primary_roi_036,/content/drive/MyDrive/Research/PUMA/Exploration_8_Diversity_Aware_Wider_Field_and_Boundary_Optimization/INPUTS/QUICK_BENCHMARK/Dataset/01_training_dataset_tif_ROIs/training_set_primary_roi_036.tif,79.141321,841.035989,4,melanophage,gt
training_set_primary_roi_036:461,TRAIN,,,,training_set_primary_roi_036,/content/drive/MyDrive/Research/PUMA/Exploration_8_Diversity_Aware_Wider_Field_and_Boundary_Optimization/INPUTS/QUICK_BENCHMARK/Dataset/01_training_dataset_tif_ROIs/training_set_primary_roi_036.tif,319.318459,895.25553,6,stroma,gt
training_set_primary_roi_036:475,TRAIN,,,,training_set_primary_roi_036,/content/drive/MyDrive/Research/PUMA/Exploration_8_Diversity_Aware_Wider_Field_and_Boundary_Optimization/INPUTS/QUICK_BENCHMARK/Dataset/01_training_dataset_tif_ROIs/training_set_primary_roi_036.tif,146.004,926.890667,6,stroma,gt
training_set_primary_roi_036:85,TRAIN,,,,training_set_primary_roi_036,/content/drive/MyDrive/Research/PUMA/Exploration_8_Diversity_Aware_Wider_Field_and_Boundary_Optimization/INPUTS/QUICK_BENCHMARK/Dataset/01_training_dataset_tif_ROIs/training_set_primary_roi_036.tif,751.313601,157.072586,7,epithelium,gt
training_set_primary_roi_036:92,TRAIN,,,,training_set_primary_roi_036,/content/drive/MyDrive/Research/PUMA/Exploration_8_Diversity_Aware_Wider_Field_and_Boundary_Optimization/INPUTS/QUICK_BENCHMARK/Dataset/01_training_dataset_tif_ROIs/training_set_primary_roi_036.tif,885.308642,172.107819,0,tumor,gt
training_set_primary_roi_042:269,TRAIN,,,,training_set_primary_roi_042,/content/drive/MyDrive/Research/PUMA/Exploration_8_Diversity_Aware_Wider_Field_and_Boundary_Optimization/INPUTS/QUICK_BENCHMARK/Dataset/01_training_dataset_tif_ROIs/training_set_primary_roi_042.tif,855.834699,758.029372,7,epithelium,gt
training_set_primary_roi_042:448,TRAIN,,,,training_set_primary_roi_042,/content/drive/MyDrive/Research/PUMA/Exploration_8_Diversity_Aware_Wider_Field_and_Boundary_Optimization/INPUTS/QUICK_BENCHMARK/Dataset/01_training_dataset_tif_ROIs/training_set_primary_roi_042.tif,917.26348,1014.30239,7,epithelium,gt
training_set_primary_roi_042:98,TRAIN,,,,training_set_primary_roi_042,/content/drive/MyDrive/Research/PUMA/Exploration_8_Diversity_Aware_Wider_Field_and_Boundary_Optimization/INPUTS/QUICK_BENCHMARK/Dataset/01_training_dataset_tif_ROIs/training_set_primary_roi_042.tif,133.253713,299.665017,1,lymphocyte,gt
training_set_primary_roi_067:2,TRAIN,,,,training_set_primary_roi_067,/content/drive/MyDrive/Research/PUMA/Exploration_8_Diversity_Aware_Wider_Field_and_Boundary_Optimization/INPUTS/QUICK_BENCHMARK/Dataset/01_training_dataset_tif_ROIs/training_set_primary_roi_067.tif,542.342287,15.472681,7,epithelium,gt
training_set_primary_roi_067:237,TRAIN,,,,training_set_primary_roi_067,/content/drive/MyDrive/Research/PUMA/Exploration_8_Diversity_Aware_Wider_Field_and_Boundary_Optimization/INPUTS/QUICK_BENCHMARK/Dataset/01_training_dataset_tif_ROIs/training_set_primary_roi_067.tif,178.116323,595.282677,6,stroma,gt
training_set_primary_roi_067:30,TRAIN,,,,training_set_primary_roi_067,/content/drive/MyDrive/Research/PUMA/Exploration_8_Diversity_Aware_Wider_Field_and_Boundary_Optimization/INPUTS/QUICK_BENCHMARK/Dataset/01_training_dataset_tif_ROIs/training_set_primary_roi_067.tif,282.245283,91.306725,6,stroma,gt
training_set_primary_roi_067:368,TRAIN,,,,training_set_primary_roi_067,/content/drive/MyDrive/Research/PUMA/Exploration_8_Diversity_Aware_Wider_Field_and_Boundary_Optimization/INPUTS/QUICK_BENCHMARK/Dataset/01_training_dataset_tif_ROIs/training_set_primary_roi_067.tif,1021.05168,876.44186,1,lymphocyte,gt
training_set_primary_roi_067:431,TRAIN,,,,training_set_primary_roi_067,/content/drive/MyDrive/Research/PUMA/Exploration_8_Diversity_Aware_Wider_Field_and_Boundary_Optimization/INPUTS/QUICK_BENCHMARK/Dataset/01_training_dataset_tif_ROIs/training_set_primary_roi_067.tif,592.861661,311.951338,7,epithelium,gt
training_set_primary_roi_067:443,TRAIN,,,,training_set_primary_roi_067,/content/drive/MyDrive/Research/PUMA/Exploration_8_Diversity_Aware_Wider_Field_and_Boundary_Optimization/INPUTS/QUICK_BENCHMARK/Dataset/01_training_dataset_tif_ROIs/training_set_primary_roi_067.tif,445.952196,506.377692,6,stroma,gt
training_set_primary_roi_067:48,TRAIN,,,,training_set_primary_roi_067,/content/drive/MyDrive/Research/PUMA/Exploration_8_Diversity_Aware_Wider_Field_and_Boundary_Optimization/INPUTS/QUICK_BENCHMARK/Dataset/01_training_dataset_tif_ROIs/training_set_primary_roi_067.tif,659.76134,126.341242,7,epithelium,gt
training_set_primary_roi_067:50,TRAIN,,,,training_set_primary_roi_067,/content/drive/MyDrive/Research/PUMA/Exploration_8_Diversity_Aware_Wider_Field_and_Boundary_Optimization/INPUTS/QUICK_BENCHMARK/Dataset/01_training_dataset_tif_ROIs/training_set_primary_roi_067.tif,154.025974,127.941558,9,apoptosis,gt
training_set_primary_roi_067:63,TRAIN,,,,training_set_primary_roi_067,/content/drive/MyDrive/Research/PUMA/Exploration_8_Diversity_Aware_Wider_Field_and_Boundary_Optimization/INPUTS/QUICK_BENCHMARK/Dataset/01_training_dataset_tif_ROIs/training_set_primary_roi_067.tif,209.832012,151.702907,9,apoptosis,gt
training_set_primary_roi_068:194,TRAIN,,,,training_set_primary_roi_068,/content/drive/MyDrive/Research/PUMA/Exploration_8_Diversity_Aware_Wider_Field_and_Boundary_Optimization/INPUTS/QUICK_BENCHMARK/Dataset/01_training_dataset_tif_ROIs/training_set_primary_roi_068.tif,922.575269,456.995699,4,melanophage,gt
training_set_primary_roi_068:246,TRAIN,,,,training_set_primary_roi_068,/content/drive/MyDrive/Research/PUMA/Exploration_8_Diversity_Aware_Wider_Field_and_Boundary_Optimization/INPUTS/QUICK_BENCHMARK/Dataset/01_training_dataset_tif_ROIs/training_set_primary_roi_068.tif,791.270868,590.886125,8,endothelium,gt
training_set_primary_roi_068:247,TRAIN,,,,training_set_primary_roi_068,/content/drive/MyDrive/Research/PUMA/Exploration_8_Diversity_Aware_Wider_Field_and_Boundary_Optimization/INPUTS/QUICK_BENCHMARK/Dataset/01_training_dataset_tif_ROIs/training_set_primary_roi_068.tif,764.966627,593.48232,2,plasma_cell,gt
training_set_primary_roi_068:263,TRAIN,,,,training_set_primary_roi_068,/content/drive/MyDrive/Research/PUMA/Exploration_8_Diversity_Aware_Wider_Field_and_Boundary_Optimization/INPUTS/QUICK_BENCHMARK/Dataset/01_training_dataset_tif_ROIs/training_set_primary_roi_068.tif,643.76512,627.646273,8,endothelium,gt
training_set_primary_roi_068:306,TRAIN,,,,training_set_primary_roi_068,/content/drive/MyDrive/Research/PUMA/Exploration_8_Diversity_Aware_Wider_Field_and_Boundary_Optimization/INPUTS/QUICK_BENCHMARK/Dataset/01_training_dataset_tif_ROIs/training_set_primary_roi_068.tif,1001.973214,704.857143,3,histiocyte,gt
training_set_primary_roi_068:314,TRAIN,,,,training_set_primary_roi_068,/content/drive/MyDrive/Research/PUMA/Exploration_8_Diversity_Aware_Wider_Field_and_Boundary_Optimization/INPUTS/QUICK_BENCHMARK/Dataset/01_training_dataset_tif_ROIs/training_set_primary_roi_068.tif,839.407061,749.921772,6,stroma,gt
training_set_primary_roi_068:32,TRAIN,,,,training_set_primary_roi_068,/content/drive/MyDrive/Research/PUMA/Exploration_8_Diversity_Aware_Wider_Field_and_Boundary_Optimization/INPUTS/QUICK_BENCHMARK/Dataset/01_training_dataset_tif_ROIs/training_set_primary_roi_068.tif,615.920042,53.492212,5,neutrophil,gt
training_set_primary_roi_068:324,TRAIN,,,,training_set_primary_roi_068,/content/drive/MyDrive/Research/PUMA/Exploration_8_Diversity_Aware_Wider_Field_and_Boundary_Optimization/INPUTS/QUICK_BENCHMARK/Dataset/01_training_dataset_tif_ROIs/training_set_primary_roi_068.tif,516.466867,764.039491,4,melanophage,gt
training_set_primary_roi_068:338,TRAIN,,,,training_set_primary_roi_068,/content/drive/MyDrive/Research/PUMA/Exploration_8_Diversity_Aware_Wider_Field_and_Boundary_Optimization/INPUTS/QUICK_BENCHMARK/Dataset/01_training_dataset_tif_ROIs/training_set_primary_roi_068.tif,312.483356,786.165557,1,lymphocyte,gt
training_set_primary_roi_068:372,TRAIN,,,,training_set_primary_roi_068,/content/drive/MyDrive/Research/PUMA/Exploration_8_Diversity_Aware_Wider_Field_and_Boundary_Optimization/INPUTS/QUICK_BENCHMARK/Dataset/01_training_dataset_tif_ROIs/training_set_primary_roi_068.tif,590.560325,848.906419,8,endothelium,gt
training_set_primary_roi_068:401,TRAIN,,,,training_set_primary_roi_068,/content/drive/MyDrive/Research/PUMA/Exploration_8_Diversity_Aware_Wider_Field_and_Boundary_Optimization/INPUTS/QUICK_BENCHMARK/Dataset/01_training_dataset_tif_ROIs/training_set_primary_roi_068.tif,884.882904,911.424668,1,lymphocyte,gt
training_set_primary_roi_068:426,TRAIN,,,,training_set_primary_roi_068,/content/drive/MyDrive/Research/PUMA/Exploration_8_Diversity_Aware_Wider_Field_and_Boundary_Optimization/INPUTS/QUICK_BENCHMARK/Dataset/01_training_dataset_tif_ROIs/training_set_primary_roi_068.tif,174.619292,950.057192,4,melanophage,gt
training_set_primary_roi_068:427,TRAIN,,,,training_set_primary_roi_068,/content/drive/MyDrive/Research/PUMA/Exploration_8_Diversity_Aware_Wider_Field_and_Boundary_Optimization/INPUTS/QUICK_BENCHMARK/Dataset/01_training_dataset_tif_ROIs/training_set_primary_roi_068.tif,626.857577,960.957087,3,histiocyte,gt
training_set_primary_roi_068:433,TRAIN,,,,training_set_primary_roi_068,/content/drive/MyDrive/Research/PUMA/Exploration_8_Diversity_Aware_Wider_Field_and_Boundary_Optimization/INPUTS/QUICK_BENCHMARK/Dataset/01_training_dataset_tif_ROIs/training_set_primary_roi_068.tif,897.93857,973.44285,3,histiocyte,gt
training_set_primary_roi_068:449,TRAIN,,,,training_set_primary_roi_068,/content/drive/MyDrive/Research/PUMA/Exploration_8_Diversity_Aware_Wider_Field_and_Boundary_Optimization/INPUTS/QUICK_BENCHMARK/Dataset/01_training_dataset_tif_ROIs/training_set_primary_roi_068.tif,790.910843,1003.90241,1,lymphocyte,gt
training_set_primary_roi_068:466,TRAIN,,,,training_set_primary_roi_068,/content/drive/MyDrive/Research/PUMA/Exploration_8_Diversity_Aware_Wider_Field_and_Boundary_Optimization/INPUTS/QUICK_BENCHMARK/Dataset/01_training_dataset_tif_ROIs/training_set_primary_roi_068.tif,760.706953,314.899135,6,stroma,gt
training_set_primary_roi_068:493,TRAIN,,,,training_set_primary_roi_068,/content/drive/MyDrive/Research/PUMA/Exploration_8_Diversity_Aware_Wider_Field_and_Boundary_Optimization/INPUTS/QUICK_BENCHMARK/Dataset/01_training_dataset_tif_ROIs/training_set_primary_roi_068.tif,987.033694,123.213598,9,apoptosis,gt
training_set_primary_roi_068:50,TRAIN,,,,training_set_primary_roi_068,/content/drive/MyDrive/Research/PUMA/Exploration_8_Diversity_Aware_Wider_Field_and_Boundary_Optimization/INPUTS/QUICK_BENCHMARK/Dataset/01_training_dataset_tif_ROIs/training_set_primary_roi_068.tif,76.367939,89.910433,1,lymphocyte,gt
training_set_primary_roi_068:55,TRAIN,,,,training_set_primary_roi_068,/content/drive/MyDrive/Research/PUMA/Exploration_8_Diversity_Aware_Wider_Field_and_Boundary_Optimization/INPUTS/QUICK_BENCHMARK/Dataset/01_training_dataset_tif_ROIs/training_set_primary_roi_068.tif,105.888661,96.903005,6,stroma,gt
training_set_primary_roi_073:17,TRAIN,,,,training_set_primary_roi_073,/content/drive/MyDrive/Research/PUMA/Exploration_8_Diversity_Aware_Wider_Field_and_Boundary_Optimization/INPUTS/QUICK_BENCHMARK/Dataset/01_training_dataset_tif_ROIs/training_set_primary_roi_073.tif,876.481862,241.314853,7,epithelium,gt
training_set_primary_roi_073:18,TRAIN,,,,training_set_primary_roi_073,/content/drive/MyDrive/Research/PUMA/Exploration_8_Diversity_Aware_Wider_Field_and_Boundary_Optimization/INPUTS/QUICK_BENCHMARK/Dataset/01_training_dataset_tif_ROIs/training_set_primary_roi_073.tif,666.594135,199.225714,7,epithelium,gt
training_set_primary_roi_073:188,TRAIN,,,,training_set_primary_roi_073,/content/drive/MyDrive/Research/PUMA/Exploration_8_Diversity_Aware_Wider_Field_and_Boundary_Optimization/INPUTS/QUICK_BENCHMARK/Dataset/01_training_dataset_tif_ROIs/training_set_primary_roi_073.tif,454.569697,270.785606,3,histiocyte,gt
training_set_primary_roi_073:203,TRAIN,,,,training_set_primary_roi_073,/content/drive/MyDrive/Research/PUMA/Exploration_8_Diversity_Aware_Wider_Field_and_Boundary_Optimization/INPUTS/QUICK_BENCHMARK/Dataset/01_training_dataset_tif_ROIs/training_set_primary_roi_073.tif,166.26954,187.448276,3,histiocyte,gt
training_set_primary_roi_073:247,TRAIN,,,,training_set_primary_roi_073,/content/drive/MyDrive/Research/PUMA/Exploration_8_Diversity_Aware_Wider_Field_and_Boundary_Optimization/INPUTS/QUICK_BENCHMARK/Dataset/01_training_dataset_tif_ROIs/training_set_primary_roi_073.tif,806.91067,195.980976,7,epithelium,gt
training_set_primary_roi_073:31,TRAIN,,,,training_set_primary_roi_073,/content/drive/MyDrive/Research/PUMA/Exploration_8_Diversity_Aware_Wider_Field_and_Boundary_Optimization/INPUTS/QUICK_BENCHMARK/Dataset/01_training_dataset_tif_ROIs/training_set_primary_roi_073.tif,759.389794,244.737514,0,tumor,gt
training_set_primary_roi_073:408,TRAIN,,,,training_set_primary_roi_073,/content/drive/MyDrive/Research/PUMA/Exploration_8_Diversity_Aware_Wider_Field_and_Boundary_Optimization/INPUTS/QUICK_BENCHMARK/Dataset/01_training_dataset_tif_ROIs/training_set_primary_roi_073.tif,576.617516,357.881144,4,melanophage,gt
training_set_primary_roi_073:49,TRAIN,,,,training_set_primary_roi_073,/content/drive/MyDrive/Research/PUMA/Exploration_8_Diversity_Aware_Wider_Field_and_Boundary_Optimization/INPUTS/QUICK_BENCHMARK/Dataset/01_training_dataset_tif_ROIs/training_set_primary_roi_073.tif,353.064302,935.69579,7,epithelium,gt
training_set_primary_roi_074:146,TRAIN,,,,training_set_primary_roi_074,/content/drive/MyDrive/Research/PUMA/Exploration_8_Diversity_Aware_Wider_Field_and_Boundary_Optimization/INPUTS/QUICK_BENCHMARK/Dataset/01_training_dataset_tif_ROIs/training_set_primary_roi_074.tif,387.441919,946.131313,4,melanophage,gt
training_set_primary_roi_074:284,TRAIN,,,,training_set_primary_roi_074,/content/drive/MyDrive/Research/PUMA/Exploration_8_Diversity_Aware_Wider_Field_and_Boundary_Optimization/INPUTS/QUICK_BENCHMARK/Dataset/01_training_dataset_tif_ROIs/training_set_primary_roi_074.tif,665.934551,814.402588,6,stroma,gt
training_set_primary_roi_074:290,TRAIN,,,,training_set_primary_roi_074,/content/drive/MyDrive/Research/PUMA/Exploration_8_Diversity_Aware_Wider_Field_and_Boundary_Optimization/INPUTS/QUICK_BENCHMARK/Dataset/01_training_dataset_tif_ROIs/training_set_primary_roi_074.tif,580.144689,312.642247,6,stroma,gt
training_set_primary_roi_074:413,TRAIN,,,,training_set_primary_roi_074,/content/drive/MyDrive/Research/PUMA/Exploration_8_Diversity_Aware_Wider_Field_and_Boundary_Optimization/INPUTS/QUICK_BENCHMARK/Dataset/01_training_dataset_tif_ROIs/training_set_primary_roi_074.tif,129.506298,809.897272,9,apoptosis,gt
training_set_primary_roi_074:421,TRAIN,,,,training_set_primary_roi_074,/content/drive/MyDrive/Research/PUMA/Exploration_8_Diversity_Aware_Wider_Field_and_Boundary_Optimization/INPUTS/QUICK_BENCHMARK/Dataset/01_training_dataset_tif_ROIs/training_set_primary_roi_074.tif,353.327586,577.655172,9,apoptosis,gt
training_set_primary_roi_074:450,TRAIN,,,,training_set_primary_roi_074,/content/drive/MyDrive/Research/PUMA/Exploration_8_Diversity_Aware_Wider_Field_and_Boundary_Optimization/INPUTS/QUICK_BENCHMARK/Dataset/01_training_dataset_tif_ROIs/training_set_primary_roi_074.tif,834.183389,649.652174,8,endothelium,gt
training_set_primary_roi_074:74,TRAIN,,,,training_set_primary_roi_074,/content/drive/MyDrive/Research/PUMA/Exploration_8_Diversity_Aware_Wider_Field_and_Boundary_Optimization/INPUTS/QUICK_BENCHMARK/Dataset/01_training_dataset_tif_ROIs/training_set_primary_roi_074.tif,1010.737425,896.392157,7,epithelium,gt
training_set_primary_roi_074:85,TRAIN,,,,training_set_primary_roi_074,/content/drive/MyDrive/Research/PUMA/Exploration_8_Diversity_Aware_Wider_Field_and_Boundary_Optimization/INPUTS/QUICK_BENCHMARK/Dataset/01_training_dataset_tif_ROIs/training_set_primary_roi_074.tif,174.361553,523.157576,7,epithelium,gt
training_set_primary_roi_074:99,TRAIN,,,,training_set_primary_roi_074,/content/drive/MyDrive/Research/PUMA/Exploration_8_Diversity_Aware_Wider_Field_and_Boundary_Optimization/INPUTS/QUICK_BENCHMARK/Dataset/01_training_dataset_tif_ROIs/training_set_primary_roi_074.tif,821.585042,782.089666,6,stroma,gt
training_set_primary_roi_095:154,TRAIN,,,,training_set_primary_roi_095,/content/drive/MyDrive/Research/PUMA/Exploration_8_Diversity_Aware_Wider_Field_and_Boundary_Optimization/INPUTS/QUICK_BENCHMARK/Dataset/01_training_dataset_tif_ROIs/training_set_primary_roi_095.tif,17.471839,400.396423,4,melanophage,gt
training_set_primary_roi_095:265,TRAIN,,,,training_set_primary_roi_095,/content/drive/MyDrive/Research/PUMA/Exploration_8_Diversity_Aware_Wider_Field_and_Boundary_Optimization/INPUTS/QUICK_BENCHMARK/Dataset/01_training_dataset_tif_ROIs/training_set_primary_roi_095.tif,32.764916,720.868882,2,plasma_cell,gt
training_set_primary_roi_095:273,TRAIN,,,,training_set_primary_roi_095,/content/drive/MyDrive/Research/PUMA/Exploration_8_Diversity_Aware_Wider_Field_and_Boundary_Optimization/INPUTS/QUICK_BENCHMARK/Dataset/01_training_dataset_tif_ROIs/training_set_primary_roi_095.tif,418.129991,748.585887,1,lymphocyte,gt
training_set_primary_roi_095:297,TRAIN,,,,training_set_primary_roi_095,/content/drive/MyDrive/Research/PUMA/Exploration_8_Diversity_Aware_Wider_Field_and_Boundary_Optimization/INPUTS/QUICK_BENCHMARK/Dataset/01_training_dataset_tif_ROIs/training_set_primary_roi_095.tif,22.222969,816.357983,2,plasma_cell,gt
training_set_primary_roi_095:32,TRAIN,,,,training_set_primary_roi_095,/content/drive/MyDrive/Research/PUMA/Exploration_8_Diversity_Aware_Wider_Field_and_Boundary_Optimization/INPUTS/QUICK_BENCHMARK/Dataset/01_training_dataset_tif_ROIs/training_set_primary_roi_095.tif,99.848205,47.429231,1,lymphocyte,gt
training_set_primary_roi_095:332,TRAIN,,,,training_set_primary_roi_095,/content/drive/MyDrive/Research/PUMA/Exploration_8_Diversity_Aware_Wider_Field_and_Boundary_Optimization/INPUTS/QUICK_BENCHMARK/Dataset/01_training_dataset_tif_ROIs/training_set_primary_roi_095.tif,204.585235,874.124542,0,tumor,gt
training_set_primary_roi_095:359,TRAIN,,,,training_set_primary_roi_095,/content/drive/MyDrive/Research/PUMA/Exploration_8_Diversity_Aware_Wider_Field_and_Boundary_Optimization/INPUTS/QUICK_BENCHMARK/Dataset/01_training_dataset_tif_ROIs/training_set_primary_roi_095.tif,420.085217,943.694493,1,lymphocyte,gt
training_set_primary_roi_095:381,TRAIN,,,,training_set_primary_roi_095,/content/drive/MyDrive/Research/PUMA/Exploration_8_Diversity_Aware_Wider_Field_and_Boundary_Optimization/INPUTS/QUICK_BENCHMARK/Dataset/01_training_dataset_tif_ROIs/training_set_primary_roi_095.tif,764.602459,982.066598,5,neutrophil,gt
training_set_primary_roi_095:405,TRAIN,,,,training_set_primary_roi_095,/content/drive/MyDrive/Research/PUMA/Exploration_8_Diversity_Aware_Wider_Field_and_Boundary_Optimization/INPUTS/QUICK_BENCHMARK/Dataset/01_training_dataset_tif_ROIs/training_set_primary_roi_095.tif,279.340556,226.416929,0,tumor,gt
training_set_primary_roi_095:50,TRAIN,,,,training_set_primary_roi_095,/content/drive/MyDrive/Research/PUMA/Exploration_8_Diversity_Aware_Wider_Field_and_Boundary_Optimization/INPUTS/QUICK_BENCHMARK/Dataset/01_training_dataset_tif_ROIs/training_set_primary_roi_095.tif,354.726327,87.527641,1,lymphocyte,gt
training_set_primary_roi_095:60,TRAIN,,,,training_set_primary_roi_095,/content/drive/MyDrive/Research/PUMA/Exploration_8_Diversity_Aware_Wider_Field_and_Boundary_Optimization/INPUTS/QUICK_BENCHMARK/Dataset/01_training_dataset_tif_ROIs/training_set_primary_roi_095.tif,397.531279,106.77591,1,lymphocyte,gt
training_set_primary_roi_101:168,TRAIN,,,,training_set_primary_roi_101,/content/drive/MyDrive/Research/PUMA/Exploration_8_Diversity_Aware_Wider_Field_and_Boundary_Optimization/INPUTS/QUICK_BENCHMARK/Dataset/01_training_dataset_tif_ROIs/training_set_primary_roi_101.tif,147.956437,614.351756,0,tumor,gt
training_set_primary_roi_101:171,TRAIN,,,,training_set_primary_roi_101,/content/drive/MyDrive/Research/PUMA/Exploration_8_Diversity_Aware_Wider_Field_and_Boundary_Optimization/INPUTS/QUICK_BENCHMARK/Dataset/01_training_dataset_tif_ROIs/training_set_primary_roi_101.tif,565.123298,655.094554,0,tumor,gt
training_set_primary_roi_101:178,TRAIN,,,,training_set_primary_roi_101,/content/drive/MyDrive/Research/PUMA/Exploration_8_Diversity_Aware_Wider_Field_and_Boundary_Optimization/INPUTS/QUICK_BENCHMARK/Dataset/01_training_dataset_tif_ROIs/training_set_primary_roi_101.tif,285.032721,923.942021,4,melanophage,gt
training_set_primary_roi_101:222,TRAIN,,,,training_set_primary_roi_101,/content/drive/MyDrive/Research/PUMA/Exploration_8_Diversity_Aware_Wider_Field_and_Boundary_Optimization/INPUTS/QUICK_BENCHMARK/Dataset/01_training_dataset_tif_ROIs/training_set_primary_roi_101.tif,435.551948,814.941558,4,melanophage,gt
training_set_primary_roi_101:261,TRAIN,,,,training_set_primary_roi_101,/content/drive/MyDrive/Research/PUMA/Exploration_8_Diversity_Aware_Wider_Field_and_Boundary_Optimization/INPUTS/QUICK_BENCHMARK/Dataset/01_training_dataset_tif_ROIs/training_set_primary_roi_101.tif,577.556604,815.110849,1,lymphocyte,gt
training_set_primary_roi_101:319,TRAIN,,,,training_set_primary_roi_101,/content/drive/MyDrive/Research/PUMA/Exploration_8_Diversity_Aware_Wider_Field_and_Boundary_Optimization/INPUTS/QUICK_BENCHMARK/Dataset/01_training_dataset_tif_ROIs/training_set_primary_roi_101.tif,478.695402,967.948276,1,lymphocyte,gt
training_set_primary_roi_101:354,TRAIN,,,,training_set_primary_roi_101,/content/drive/MyDrive/Research/PUMA/Exploration_8_Diversity_Aware_Wider_Field_and_Boundary_Optimization/INPUTS/QUICK_BENCHMARK/Dataset/01_training_dataset_tif_ROIs/training_set_primary_roi_101.tif,270.062358,830.064626,3,histiocyte,gt
training_set_primary_roi_101:36,TRAIN,,,,training_set_primary_roi_101,/content/drive/MyDrive/Research/PUMA/Exploration_8_Diversity_Aware_Wider_Field_and_Boundary_Optimization/INPUTS/QUICK_BENCHMARK/Dataset/01_training_dataset_tif_ROIs/training_set_primary_roi_101.tif,826.715859,1008.773128,8,endothelium,gt
training_set_primary_roi_101:370,TRAIN,,,,training_set_primary_roi_101,/content/drive/MyDrive/Research/PUMA/Exploration_8_Diversity_Aware_Wider_Field_and_Boundary_Optimization/INPUTS/QUICK_BENCHMARK/Dataset/01_training_dataset_tif_ROIs/training_set_primary_roi_101.tif,906.092529,866.880316,3,histiocyte,gt
training_set_primary_roi_101:381,TRAIN,,,,training_set_primary_roi_101,/content/drive/MyDrive/Research/PUMA/Exploration_8_Diversity_Aware_Wider_Field_and_Boundary_Optimization/INPUTS/QUICK_BENCHMARK/Dataset/01_training_dataset_tif_ROIs/training_set_primary_roi_101.tif,560.895147,377.056321,0,tumor,gt
training_set_primary_roi_101:56,TRAIN,,,,training_set_primary_roi_101,/content/drive/MyDrive/Research/PUMA/Exploration_8_Diversity_Aware_Wider_Field_and_Boundary_Optimization/INPUTS/QUICK_BENCHMARK/Dataset/01_training_dataset_tif_ROIs/training_set_primary_roi_101.tif,388.49422,726.627168,6,stroma,gt
training_set_primary_roi_101:62,TRAIN,,,,training_set_primary_roi_101,/content/drive/MyDrive/Research/PUMA/Exploration_8_Diversity_Aware_Wider_Field_and_Boundary_Optimization/INPUTS/QUICK_BENCHMARK/Dataset/01_training_dataset_tif_ROIs/training_set_primary_roi_101.tif,201.627329,771.888199,6,stroma,gt
training_set_primary_roi_102:12,TRAIN,,,,training_set_primary_roi_102,/content/drive/MyDrive/Research/PUMA/Exploration_8_Diversity_Aware_Wider_Field_and_Boundary_Optimization/INPUTS/QUICK_BENCHMARK/Dataset/01_training_dataset_tif_ROIs/training_set_primary_roi_102.tif,410.775,776.0,8,endothelium,gt
training_set_primary_roi_102:2,TRAIN,,,,training_set_primary_roi_102,/content/drive/MyDrive/Research/PUMA/Exploration_8_Diversity_Aware_Wider_Field_and_Boundary_Optimization/INPUTS/QUICK_BENCHMARK/Dataset/01_training_dataset_tif_ROIs/training_set_primary_roi_102.tif,1015.513393,271.535714,8,endothelium,gt
training_set_primary_roi_102:208,TRAIN,,,,training_set_primary_roi_102,/content/drive/MyDrive/Research/PUMA/Exploration_8_Diversity_Aware_Wider_Field_and_Boundary_Optimization/INPUTS/QUICK_BENCHMARK/Dataset/01_training_dataset_tif_ROIs/training_set_primary_roi_102.tif,769.808077,883.22856,7,epithelium,gt
training_set_primary_roi_102:223,TRAIN,,,,training_set_primary_roi_102,/content/drive/MyDrive/Research/PUMA/Exploration_8_Diversity_Aware_Wider_Field_and_Boundary_Optimization/INPUTS/QUICK_BENCHMARK/Dataset/01_training_dataset_tif_ROIs/training_set_primary_roi_102.tif,991.191377,939.946293,7,epithelium,gt
training_set_primary_roi_102:231,TRAIN,,,,training_set_primary_roi_102,/content/drive/MyDrive/Research/PUMA/Exploration_8_Diversity_Aware_Wider_Field_and_Boundary_Optimization/INPUTS/QUICK_BENCHMARK/Dataset/01_training_dataset_tif_ROIs/training_set_primary_roi_102.tif,1017.167453,980.712264,7,epithelium,gt
training_set_primary_roi_102:253,TRAIN,,,,training_set_primary_roi_102,/content/drive/MyDrive/Research/PUMA/Exploration_8_Diversity_Aware_Wider_Field_and_Boundary_Optimization/INPUTS/QUICK_BENCHMARK/Dataset/01_training_dataset_tif_ROIs/training_set_primary_roi_102.tif,516.940848,141.273438,8,endothelium,gt
training_set_primary_roi_102:3,TRAIN,,,,training_set_primary_roi_102,/content/drive/MyDrive/Research/PUMA/Exploration_8_Diversity_Aware_Wider_Field_and_Boundary_Optimization/INPUTS/QUICK_BENCHMARK/Dataset/01_training_dataset_tif_ROIs/training_set_primary_roi_102.tif,751.327523,313.397248,8,endothelium,gt
training_set_primary_roi_102:361,TRAIN,,,,training_set_primary_roi_102,/content/drive/MyDrive/Research/PUMA/Exploration_8_Diversity_Aware_Wider_Field_and_Boundary_Optimization/INPUTS/QUICK_BENCHMARK/Dataset/01_training_dataset_tif_ROIs/training_set_primary_roi_102.tif,242.582803,322.904459,0,tumor,gt
training_set_primary_roi_102:363,TRAIN,,,,training_set_primary_roi_102,/content/drive/MyDrive/Research/PUMA/Exploration_8_Diversity_Aware_Wider_Field_and_Boundary_Optimization/INPUTS/QUICK_BENCHMARK/Dataset/01_training_dataset_tif_ROIs/training_set_primary_roi_102.tif,277.925612,326.402072,0,tumor,gt
training_set_primary_roi_102:464,TRAIN,,,,training_set_primary_roi_102,/content/drive/MyDrive/Research/PUMA/Exploration_8_Diversity_Aware_Wider_Field_and_Boundary_Optimization/INPUTS/QUICK_BENCHMARK/Dataset/01_training_dataset_tif_ROIs/training_set_primary_roi_102.tif,169.794588,429.119926,0,tumor,gt
training_set_primary_roi_102:468,TRAIN,,,,training_set_primary_roi_102,/content/drive/MyDrive/Research/PUMA/Exploration_8_Diversity_Aware_Wider_Field_and_Boundary_Optimization/INPUTS/QUICK_BENCHMARK/Dataset/01_training_dataset_tif_ROIs/training_set_primary_roi_102.tif,449.998555,60.473507,2,plasma_cell,gt
