review_id,uid,original_label,model_pred,model_conf,model_margin
R00000,training_set_metastatic_roi_001:9,0,3,0.6513648667172721,0.4618672761190888
R00001,training_set_metastatic_roi_001:12,0,3,0.8262335166376005,0.7333216845943797
R00002,training_set_metastatic_roi_001:53,0,2,0.9876374296651144,0.9816601515063662
R00003,training_set_metastatic_roi_001:126,0,7,0.2750073342738962,0.0024452964866740756
R00004,training_set_metastatic_roi_001:129,9,5,0.39480434434827977,0.14077005807697468
R00005,training_set_metastatic_roi_001:141,9,2,0.3479263398057953,0.006959396946773999
R00006,training_set_metastatic_roi_001:170,0,9,0.3900809912365339,0.006580616031461151
R00007,training_set_metastatic_roi_001:248,0,1,0.32360253142589,0.007775237918374478
R00008,training_set_metastatic_roi_001:254,9,5,0.9234242764308664,0.8799820795429413
R00009,training_set_metastatic_roi_001:280,0,7,0.6570713647125999,0.3863613651817475
R00010,training_set_metastatic_roi_001:319,9,5,0.9965281078855837,0.9934133799814515
R00011,training_set_metastatic_roi_001:329,0,1,0.2579071750365393,0.00793092433301193
R00012,training_set_metastatic_roi_001:343,0,1,0.7515425983109115,0.5665705961562821
R00013,training_set_metastatic_roi_001:345,9,5,0.9731120606073085,0.948916359171454
R00014,training_set_metastatic_roi_001:359,9,5,0.9887741292528428,0.979074124824458
R00015,training_set_metastatic_roi_001:364,9,5,0.9826549490974718,0.9661026350744649
R00016,training_set_metastatic_roi_001:388,9,5,0.4273252380453551,0.23637343508364356
R00017,training_set_metastatic_roi_001:390,0,2,0.9878890894050931,0.982167045022749
R00018,training_set_metastatic_roi_001:430,0,1,0.8662500348444637,0.7526298826488588
R00019,training_set_metastatic_roi_001:431,0,1,0.41691010228622766,0.0014229494346904015
R00020,training_set_metastatic_roi_001:438,0,9,0.985154062758157,0.9737163725802994
R00021,training_set_metastatic_roi_001:442,9,5,0.5158192832288476,0.04191749448771703
R00022,training_set_metastatic_roi_001:449,9,5,0.8309792700679001,0.7527893506355354
R00023,training_set_metastatic_roi_001:452,0,1,0.8046602532118065,0.7157906033247983
R00024,training_set_metastatic_roi_001:457,0,1,0.6089732046211354,0.4657150049179204
R00025,training_set_metastatic_roi_001:485,9,5,0.7832398478682624,0.5763560430638085
R00026,training_set_metastatic_roi_001:493,9,5,0.9975688879216288,0.9958242700129974
R00027,training_set_metastatic_roi_001:506,0,1,0.29900988289456365,0.002772808015529815
R00028,training_set_metastatic_roi_001:507,0,7,0.5086539863720391,0.1382158183221659
R00029,training_set_metastatic_roi_001:511,9,5,0.9185226512616972,0.8501227987349486
R00030,training_set_metastatic_roi_001:513,9,5,0.9899826443445142,0.980558174567292
R00031,training_set_metastatic_roi_001:528,9,5,0.9644321407727202,0.9436703995370012
R00032,training_set_metastatic_roi_001:535,9,5,0.579077029733792,0.1706748492326416
R00033,training_set_metastatic_roi_001:541,9,5,0.5282662654140693,0.24414307323666395
R00034,training_set_metastatic_roi_001:554,0,1,0.5505251078247658,0.38556929876542945
R00035,training_set_metastatic_roi_001:567,9,5,0.8257597039544892,0.7404594973090131
R00036,training_set_metastatic_roi_001:573,0,9,0.9918243802570913,0.9877671184555386
R00037,training_set_metastatic_roi_001:610,9,5,0.884536783916668,0.8053489658147048
R00038,training_set_metastatic_roi_001:632,9,5,0.9714500683729272,0.95975401748434
R00039,training_set_metastatic_roi_025:83,1,8,0.42226846314099514,0.004203032869991241
R00040,training_set_metastatic_roi_025:98,0,9,0.2649383043189991,0.005904934986520505
R00041,training_set_metastatic_roi_025:109,0,3,0.5900367416572507,0.3699679099362417
R00042,training_set_metastatic_roi_025:165,0,1,0.4718236510285436,0.2388740127349009
R00043,training_set_metastatic_roi_025:218,1,9,0.23363323720708565,0.0034043614885919116
R00044,training_set_metastatic_roi_025:233,1,8,0.2370069643221979,0.0005308798491101552
R00045,training_set_metastatic_roi_025:255,1,8,0.3791187806103618,0.0012282000024392836
R00046,training_set_metastatic_roi_025:269,1,2,0.28302522536219954,0.004566113512234182
R00047,training_set_metastatic_roi_025:276,0,3,0.5824158612963585,0.28759150901906894
R00048,training_set_metastatic_roi_025:393,0,3,0.8428465974330153,0.7351405895772449
R00049,training_set_metastatic_roi_025:419,0,3,0.4309777250200459,0.3106687807284751
R00050,training_set_metastatic_roi_025:505,0,3,0.6199932503941161,0.4812113251913166
R00051,training_set_metastatic_roi_025:598,0,7,0.6457375507936873,0.501952599110854
R00052,training_set_metastatic_roi_047:60,0,9,0.9962301407566849,0.9932012518674432
R00053,training_set_metastatic_roi_047:127,0,3,0.4971946318086397,0.26579505946111937
R00054,training_set_metastatic_roi_047:153,1,3,0.32342655380028823,0.009322057366147163
R00055,training_set_metastatic_roi_047:158,0,6,0.4044020322919707,0.0007607365009952294
R00056,training_set_metastatic_roi_047:207,3,1,0.47168685022006124,0.006221220572922959
R00057,training_set_metastatic_roi_047:224,0,3,0.47008150427614653,0.00043107131014741285
R00058,training_set_metastatic_roi_047:226,9,5,0.8175620986505586,0.6816418553994938
R00059,training_set_metastatic_roi_047:228,6,9,0.3526342518776871,0.009136131462176345
R00060,training_set_metastatic_roi_047:298,0,6,0.2601341749423738,0.00438213429536044
R00061,training_set_metastatic_roi_047:307,9,5,0.8677498692464573,0.7990852371679541
R00062,training_set_metastatic_roi_047:332,0,3,0.30555333256185296,0.0002599259976996393
R00063,training_set_metastatic_roi_047:348,1,5,0.9912881167453487,0.986538748055454
R00064,training_set_metastatic_roi_047:393,0,3,0.8673305883174061,0.8247267009157186
R00065,training_set_metastatic_roi_047:401,0,1,0.9929550457308087,0.986864547589142
R00066,training_set_metastatic_roi_047:402,9,5,0.6548018344281549,0.4406243489023729
R00067,training_set_metastatic_roi_047:471,9,3,0.27664071956307973,0.004967601277181932
R00068,training_set_metastatic_roi_051:11,0,3,0.9370742496798616,0.9085008032598412
R00069,training_set_metastatic_roi_051:40,0,1,0.45343278949949334,0.006713186489577028
R00070,training_set_metastatic_roi_051:66,0,1,0.615622335548384,0.30447283320540386
R00071,training_set_metastatic_roi_051:81,0,3,0.49820120117568545,0.16703111844812335
R00072,training_set_metastatic_roi_051:96,0,1,0.8496373506603605,0.7738658458754439
R00073,training_set_metastatic_roi_051:114,0,1,0.2820882306888023,0.0008776221540468532
R00074,training_set_metastatic_roi_051:130,0,1,0.7750644202469237,0.6545580157570074
R00075,training_set_metastatic_roi_051:138,0,1,0.49213088567134466,0.272242730434932
R00076,training_set_metastatic_roi_051:153,0,1,0.9799418140534648,0.9648889514384749
R00077,training_set_metastatic_roi_051:216,0,3,0.7972145948832997,0.6455788907222756
R00078,training_set_metastatic_roi_051:240,0,1,0.4162744496297116,0.158158416450855
R00079,training_set_metastatic_roi_051:242,0,1,0.9724976616146235,0.9583158460515109
R00080,training_set_metastatic_roi_051:246,0,3,0.7890873238506448,0.60173556893916
R00081,training_set_metastatic_roi_051:251,0,1,0.3903929062062109,0.2052426706166946
R00082,training_set_metastatic_roi_051:271,0,1,0.6758606985240306,0.43161329764595185
R00083,training_set_metastatic_roi_051:309,0,2,0.33034785407260087,0.005017648581338574
R00084,training_set_metastatic_roi_051:328,0,1,0.6366585915568521,0.5456963796038261
R00085,training_set_metastatic_roi_051:373,0,6,0.32229602824651754,0.0048486550926982175
R00086,training_set_metastatic_roi_051:427,0,3,0.37612318253578436,0.11501587174476946
R00087,training_set_metastatic_roi_051:448,0,3,0.25551327945819075,0.0025756726834288424
R00088,training_set_metastatic_roi_051:460,0,6,0.27571977848434726,6.316574926895635e-05
R00089,training_set_metastatic_roi_051:461,0,4,0.9845200856743255,0.9794971331538097
R00090,training_set_metastatic_roi_051:465,0,1,0.6800328187935006,0.5568696831250468
R00091,training_set_metastatic_roi_051:472,0,6,0.2226731701418792,0.00023752801525361855
R00092,training_set_metastatic_roi_051:483,0,3,0.7288484708173015,0.5737085539957174
R00093,training_set_metastatic_roi_051:526,0,1,0.27387309557830924,0.07285521417632129
R00094,training_set_metastatic_roi_051:537,0,9,0.3956044119300859,0.009300040877319393
R00095,training_set_metastatic_roi_051:564,0,3,0.3759630061859058,0.14185295705066683
R00096,training_set_metastatic_roi_051:580,0,1,0.299410535844142,0.10886767676868883
R00097,training_set_metastatic_roi_051:633,0,1,0.28976437678068623,0.0521414383137527
R00098,training_set_metastatic_roi_051:652,0,1,0.6020127873333465,0.3955737217060892
R00099,training_set_metastatic_roi_051:685,0,3,0.8059945838994714,0.6571580690098648
R00100,training_set_metastatic_roi_051:690,0,1,0.83743259381723,0.7520155765612755
R00101,training_set_metastatic_roi_051:696,0,9,0.2566967732560852,0.004797700623259626
R00102,training_set_metastatic_roi_051:745,0,3,0.7494634774944624,0.532714617028108
R00103,training_set_metastatic_roi_051:758,0,3,0.7251669263902643,0.5732257662723814
R00104,training_set_metastatic_roi_051:768,0,8,0.25994256229445684,0.002076966353208365
R00105,training_set_metastatic_roi_051:777,0,3,0.35932005490571434,0.11318009290066391
R00106,training_set_metastatic_roi_086:70,0,4,0.9921697012876233,0.9855595725132058
R00107,training_set_metastatic_roi_086:93,0,6,0.9847233160633552,0.9796420677475538
R00108,training_set_metastatic_roi_086:173,6,8,0.3649171320075149,0.006782616530474184
R00109,training_set_metastatic_roi_086:246,0,4,0.9887094211659692,0.9840542139530929
R00110,training_set_metastatic_roi_086:255,0,4,0.46659403753275575,0.005170162726864824
R00111,training_set_metastatic_roi_086:283,0,9,0.9832945656841918,0.9779904469841729
R00112,training_set_metastatic_roi_086:301,1,8,0.9988394992079298,0.9983412437928578
R00113,training_set_metastatic_roi_086:324,0,4,0.9938146032760965,0.9895198053008682
R00114,training_set_metastatic_roi_086:340,0,4,0.9988705073403364,0.9981442059759094
R00115,training_set_metastatic_roi_086:429,0,4,0.9970286160055495,0.9955294344880883
R00116,training_set_metastatic_roi_086:440,0,4,0.9989126580356334,0.9981188279746213
R00117,training_set_metastatic_roi_086:451,0,4,0.39397382135179043,0.002643599166459676
R00118,training_set_primary_roi_006:74,0,7,0.35147984750292793,0.03844927695146849
R00119,training_set_primary_roi_006:98,0,7,0.48715561629310017,0.0797563272703054
R00120,training_set_primary_roi_006:140,3,1,0.3497375418400392,0.005509963335686818
R00121,training_set_primary_roi_006:141,8,3,0.9916218268746949,0.9892685583856162
R00122,training_set_primary_roi_006:155,1,3,0.3439545509708307,0.005431082650787344
R00123,training_set_primary_roi_006:159,0,3,0.9830194643513402,0.9763150688671502
R00124,training_set_primary_roi_006:160,1,4,0.9960676583713286,0.9937123259834969
R00125,training_set_primary_roi_006:235,1,6,0.23631036782314288,0.002974777880347196
R00126,training_set_primary_roi_006:265,3,1,0.32263728804725206,1.0019029206054242e-05
R00127,training_set_primary_roi_011:0,7,0,0.7627835679782266,0.6144503212727124
R00128,training_set_primary_roi_011:19,7,0,0.5500769087731952,0.33201832427267586
R00129,training_set_primary_roi_011:23,7,0,0.8935190000164229,0.8173508532385351
R00130,training_set_primary_roi_011:32,7,3,0.9921898707472168,0.9887525485397306
R00131,training_set_primary_roi_011:40,7,0,0.5057005549061473,0.19119798545815347
R00132,training_set_primary_roi_011:60,7,0,0.45122766497587097,0.07920225468987119
R00133,training_set_primary_roi_011:96,7,0,0.9316548180343457,0.8885197930560494
R00134,training_set_primary_roi_011:222,8,3,0.9936155457622553,0.9897087786148887
R00135,training_set_primary_roi_011:299,3,0,0.560126986235505,0.31411824834264157
R00136,training_set_primary_roi_011:341,7,0,0.8742581572925873,0.7675653463137642
R00137,training_set_primary_roi_011:342,7,0,0.6648194489878099,0.5608128369837332
R00138,training_set_primary_roi_011:359,7,0,0.923993901701487,0.8905900920628906
R00139,training_set_primary_roi_011:365,7,0,0.8368637238027065,0.7760808803436661
R00140,training_set_primary_roi_011:369,7,0,0.8517509191362524,0.7896100088668341
R00141,training_set_primary_roi_011:403,7,0,0.4884631556044456,0.007206348138950713
R00142,training_set_primary_roi_011:415,7,9,0.9928512349449128,0.9883307662219533
R00143,training_set_primary_roi_047:25,3,8,0.9934917146369461,0.9890180710590615
R00144,training_set_primary_roi_047:170,3,8,0.9960231298945142,0.9931873876581071
R00145,training_set_primary_roi_047:199,1,3,0.9907724776777753,0.9873486424881338
R00146,training_set_primary_roi_047:346,1,3,0.46957653269028826,0.008667567390330533
R00147,training_set_primary_roi_047:427,1,3,0.9830629990087338,0.979087215767308
R00148,training_set_primary_roi_047:511,1,2,0.44686845377398554,0.006492649442893628
R00149,training_set_primary_roi_047:536,0,1,0.963252249635191,0.9426450945951311
R00150,training_set_primary_roi_047:547,3,8,0.9948682867546601,0.9923493845601326
R00151,training_set_primary_roi_047:585,0,7,0.4889456816594832,0.19663434683298342
R00152,training_set_primary_roi_047:683,3,0,0.6103984298258153,0.3094694090614948
R00153,training_set_primary_roi_047:690,0,3,0.5938291813553418,0.23156781272284843
R00154,training_set_primary_roi_047:800,1,3,0.985778256588131,0.975134207387051
R00155,training_set_primary_roi_047:802,1,4,0.9995871344591647,0.999192907382986
R00156,training_set_primary_roi_054:8,0,7,0.708967240904053,0.42145284588828696
R00157,training_set_primary_roi_054:48,3,8,0.9897164102965146,0.9825215379833994
R00158,training_set_primary_roi_054:61,0,7,0.5517990422648509,0.3520773037545156
R00159,training_set_primary_roi_054:95,1,3,0.31556367059006496,0.007684025859944432
R00160,training_set_primary_roi_054:119,1,6,0.4016054776482418,0.002084320705962539
R00161,training_set_primary_roi_054:127,0,7,0.8366311277248287,0.7200173651509398
R00162,training_set_primary_roi_054:295,3,2,0.9867894850433471,0.9817294301400549
R00163,training_set_primary_roi_054:569,3,1,0.9864559610559487,0.977110144064794
R00164,training_set_primary_roi_089:12,0,7,0.9413183697853063,0.8949476394212298
R00165,training_set_primary_roi_089:39,0,7,0.8831579261384348,0.7816161246526824
R00166,training_set_primary_roi_089:44,0,7,0.6849870507338807,0.45600406680222383
R00167,training_set_primary_roi_089:48,0,7,0.9112053197802221,0.8310333615239056
R00168,training_set_primary_roi_089:62,0,3,0.5686280808878607,0.4012237309039468
R00169,training_set_primary_roi_089:70,0,7,0.9975898047727578,0.9955529831438894
R00170,training_set_primary_roi_089:78,0,7,0.9909958582606898,0.9863281081772882
R00171,training_set_primary_roi_089:79,0,7,0.5236940776210285,0.14640674811957027
R00172,training_set_primary_roi_089:101,0,7,0.9970959338679437,0.9956257099981403
R00173,training_set_primary_roi_089:107,0,7,0.9888083105098223,0.9829874531014311
R00174,training_set_primary_roi_089:134,0,7,0.3530989127100768,0.00130363892809493
R00175,training_set_primary_roi_089:135,0,7,0.704340847153557,0.4728617780288272
R00176,training_set_primary_roi_089:147,0,3,0.3567175178737358,0.006228253726591193
R00177,training_set_primary_roi_089:154,0,7,0.7298496199171468,0.560753282908107
R00178,training_set_primary_roi_089:214,0,3,0.7547114815269156,0.6357209829854942
R00179,training_set_primary_roi_089:265,0,3,0.6524842274845937,0.5144252267529457
R00180,training_set_primary_roi_095:1,0,1,0.5646564625152086,0.38399130279233606
R00181,training_set_primary_roi_095:3,0,1,0.9497458080657941,0.9343403118294297
R00182,training_set_primary_roi_095:6,0,7,0.3736117466327973,0.12769181900300244
R00183,training_set_primary_roi_095:10,0,7,0.9652963206156919,0.9362214286264509
R00184,training_set_primary_roi_095:40,1,3,0.4027249344881446,0.00030876860534151396
R00185,training_set_primary_roi_095:41,0,3,0.9856106256468709,0.9805018910902386
R00186,training_set_primary_roi_095:81,0,3,0.4205140889083495,0.17935691311205654
R00187,training_set_primary_roi_095:89,0,3,0.9876941495684785,0.9777883149484147
R00188,training_set_primary_roi_095:107,0,3,0.9848045378995887,0.9783224254510969
R00189,training_set_primary_roi_095:118,0,3,0.6289260142325038,0.46021044582897785
R00190,training_set_primary_roi_095:122,1,3,0.386330448827948,0.007187444951732291
R00191,training_set_primary_roi_095:174,0,1,0.8526460309156314,0.7343271112478386
R00192,training_set_primary_roi_095:179,0,3,0.3377529375724621,0.0033999172501716912
R00193,training_set_primary_roi_095:221,0,8,0.9948926410069497,0.9904881582282422
R00194,training_set_primary_roi_095:225,0,3,0.6645630748841634,0.397859701789526
R00195,training_set_primary_roi_095:242,0,1,0.8861411603582651,0.8477758499914407
R00196,training_set_primary_roi_095:245,6,4,0.9962043507241672,0.9946812077622299
R00197,training_set_primary_roi_095:247,0,3,0.9917020128309709,0.9865854297640484
R00198,training_set_primary_roi_095:263,6,3,0.20618501935651307,0.0015718987511484095
R00199,training_set_primary_roi_095:295,0,4,0.9951373899287732,0.9934461635304467
R00200,training_set_primary_roi_095:360,3,8,0.9951210481150357,0.9917688873347139
R00201,training_set_primary_roi_095:367,3,8,0.9975261072557446,0.9959991742355039
R00202,training_set_primary_roi_095:377,0,4,0.29978667490391886,0.0026918729469129765
R00203,training_set_primary_roi_095:386,0,9,0.992951858007367,0.9898636754181316
