review_id,image,x,y,roi,uid,reviewed_label,uncertain,notes
R00000,/content/PUMA_P7_RUNTIME/images/e9ae3844739c8797_training_set_metastatic_roi_001.tif,523.7485216308745,190.7631497043262,training_set_metastatic_roi_001,training_set_metastatic_roi_001:9,,,
R00001,/content/PUMA_P7_RUNTIME/images/e9ae3844739c8797_training_set_metastatic_roi_001.tif,868.7425149700599,889.3666666666667,training_set_metastatic_roi_001,training_set_metastatic_roi_001:12,,,
R00002,/content/PUMA_P7_RUNTIME/images/e9ae3844739c8797_training_set_metastatic_roi_001.tif,549.2878443265099,519.8792014152135,training_set_metastatic_roi_001,training_set_metastatic_roi_001:53,,,
R00003,/content/PUMA_P7_RUNTIME/images/e9ae3844739c8797_training_set_metastatic_roi_001.tif,875.4600301659125,545.6093514328809,training_set_metastatic_roi_001,training_set_metastatic_roi_001:126,,,
R00004,/content/PUMA_P7_RUNTIME/images/e9ae3844739c8797_training_set_metastatic_roi_001.tif,672.7466367713005,344.8064275037369,training_set_metastatic_roi_001,training_set_metastatic_roi_001:129,,,
R00005,/content/PUMA_P7_RUNTIME/images/e9ae3844739c8797_training_set_metastatic_roi_001.tif,294.8623699227929,242.23262839879155,training_set_metastatic_roi_001,training_set_metastatic_roi_001:141,,,
R00006,/content/PUMA_P7_RUNTIME/images/e9ae3844739c8797_training_set_metastatic_roi_001.tif,13.235477582846004,708.3723196881092,training_set_metastatic_roi_001,training_set_metastatic_roi_001:170,,,
R00007,/content/PUMA_P7_RUNTIME/images/e9ae3844739c8797_training_set_metastatic_roi_001.tif,50.02721088435374,454.9409013605442,training_set_metastatic_roi_001,training_set_metastatic_roi_001:248,,,
R00008,/content/PUMA_P7_RUNTIME/images/e9ae3844739c8797_training_set_metastatic_roi_001.tif,508.2385844748858,582.2049086757992,training_set_metastatic_roi_001,training_set_metastatic_roi_001:254,,,
R00009,/content/PUMA_P7_RUNTIME/images/e9ae3844739c8797_training_set_metastatic_roi_001.tif,779.2210727969349,747.972796934866,training_set_metastatic_roi_001,training_set_metastatic_roi_001:280,,,
R00010,/content/PUMA_P7_RUNTIME/images/e9ae3844739c8797_training_set_metastatic_roi_001.tif,530.7260273972603,594.4159817351598,training_set_metastatic_roi_001,training_set_metastatic_roi_001:319,,,
R00011,/content/PUMA_P7_RUNTIME/images/e9ae3844739c8797_training_set_metastatic_roi_001.tif,615.1258366800536,1011.9618473895582,training_set_metastatic_roi_001,training_set_metastatic_roi_001:329,,,
R00012,/content/PUMA_P7_RUNTIME/images/e9ae3844739c8797_training_set_metastatic_roi_001.tif,669.9120218579235,567.7819672131147,training_set_metastatic_roi_001,training_set_metastatic_roi_001:343,,,
R00013,/content/PUMA_P7_RUNTIME/images/e9ae3844739c8797_training_set_metastatic_roi_001.tif,689.6904761904763,793.8069358178054,training_set_metastatic_roi_001,training_set_metastatic_roi_001:345,,,
R00014,/content/PUMA_P7_RUNTIME/images/e9ae3844739c8797_training_set_metastatic_roi_001.tif,424.8279569892473,1001.1989247311828,training_set_metastatic_roi_001,training_set_metastatic_roi_001:359,,,
R00015,/content/PUMA_P7_RUNTIME/images/e9ae3844739c8797_training_set_metastatic_roi_001.tif,496.1710758377425,153.13403880070547,training_set_metastatic_roi_001,training_set_metastatic_roi_001:364,,,
R00016,/content/PUMA_P7_RUNTIME/images/e9ae3844739c8797_training_set_metastatic_roi_001.tif,41.25432098765432,194.69876543209875,training_set_metastatic_roi_001,training_set_metastatic_roi_001:388,,,
R00017,/content/PUMA_P7_RUNTIME/images/e9ae3844739c8797_training_set_metastatic_roi_001.tif,329.6363636363636,85.81018981018981,training_set_metastatic_roi_001,training_set_metastatic_roi_001:390,,,
R00018,/content/PUMA_P7_RUNTIME/images/e9ae3844739c8797_training_set_metastatic_roi_001.tif,549.1776589423648,144.52168746286395,training_set_metastatic_roi_001,training_set_metastatic_roi_001:430,,,
R00019,/content/PUMA_P7_RUNTIME/images/e9ae3844739c8797_training_set_metastatic_roi_001.tif,547.4299401197604,996.4191616766468,training_set_metastatic_roi_001,training_set_metastatic_roi_001:431,,,
R00020,/content/PUMA_P7_RUNTIME/images/e9ae3844739c8797_training_set_metastatic_roi_001.tif,411.2885802469136,947.3117283950618,training_set_metastatic_roi_001,training_set_metastatic_roi_001:438,,,
R00021,/content/PUMA_P7_RUNTIME/images/e9ae3844739c8797_training_set_metastatic_roi_001.tif,216.2511737089202,852.8122065727699,training_set_metastatic_roi_001,training_set_metastatic_roi_001:442,,,
R00022,/content/PUMA_P7_RUNTIME/images/e9ae3844739c8797_training_set_metastatic_roi_001.tif,703.2740061162079,757.6036697247706,training_set_metastatic_roi_001,training_set_metastatic_roi_001:449,,,
R00023,/content/PUMA_P7_RUNTIME/images/e9ae3844739c8797_training_set_metastatic_roi_001.tif,934.6828316610926,585.1348940914158,training_set_metastatic_roi_001,training_set_metastatic_roi_001:452,,,
R00024,/content/PUMA_P7_RUNTIME/images/e9ae3844739c8797_training_set_metastatic_roi_001.tif,555.2312661498707,696.921188630491,training_set_metastatic_roi_001,training_set_metastatic_roi_001:457,,,
R00025,/content/PUMA_P7_RUNTIME/images/e9ae3844739c8797_training_set_metastatic_roi_001.tif,226.34218289085547,592.5644051130777,training_set_metastatic_roi_001,training_set_metastatic_roi_001:485,,,
R00026,/content/PUMA_P7_RUNTIME/images/e9ae3844739c8797_training_set_metastatic_roi_001.tif,645.1073867163253,832.8274363749224,training_set_metastatic_roi_001,training_set_metastatic_roi_001:493,,,
R00027,/content/PUMA_P7_RUNTIME/images/e9ae3844739c8797_training_set_metastatic_roi_001.tif,752.980997624703,1015.9303246239114,training_set_metastatic_roi_001,training_set_metastatic_roi_001:506,,,
R00028,/content/PUMA_P7_RUNTIME/images/e9ae3844739c8797_training_set_metastatic_roi_001.tif,89.772,766.4773333333334,training_set_metastatic_roi_001,training_set_metastatic_roi_001:507,,,
R00029,/content/PUMA_P7_RUNTIME/images/e9ae3844739c8797_training_set_metastatic_roi_001.tif,668.182905982906,799.5641025641025,training_set_metastatic_roi_001,training_set_metastatic_roi_001:511,,,
R00030,/content/PUMA_P7_RUNTIME/images/e9ae3844739c8797_training_set_metastatic_roi_001.tif,666.1747211895911,768.5365551425031,training_set_metastatic_roi_001,training_set_metastatic_roi_001:513,,,
R00031,/content/PUMA_P7_RUNTIME/images/e9ae3844739c8797_training_set_metastatic_roi_001.tif,327.3970893970894,560.7089397089397,training_set_metastatic_roi_001,training_set_metastatic_roi_001:528,,,
R00032,/content/PUMA_P7_RUNTIME/images/e9ae3844739c8797_training_set_metastatic_roi_001.tif,592.6946564885496,307.1793893129771,training_set_metastatic_roi_001,training_set_metastatic_roi_001:535,,,
R00033,/content/PUMA_P7_RUNTIME/images/e9ae3844739c8797_training_set_metastatic_roi_001.tif,742.9390476190476,759.7028571428572,training_set_metastatic_roi_001,training_set_metastatic_roi_001:541,,,
R00034,/content/PUMA_P7_RUNTIME/images/e9ae3844739c8797_training_set_metastatic_roi_001.tif,55.45648871527778,743.2741970486112,training_set_metastatic_roi_001,training_set_metastatic_roi_001:554,,,
R00035,/content/PUMA_P7_RUNTIME/images/e9ae3844739c8797_training_set_metastatic_roi_001.tif,711.7962121212121,822.45,training_set_metastatic_roi_001,training_set_metastatic_roi_001:567,,,
R00036,/content/PUMA_P7_RUNTIME/images/e9ae3844739c8797_training_set_metastatic_roi_001.tif,623.9340146353773,53.936916477416105,training_set_metastatic_roi_001,training_set_metastatic_roi_001:573,,,
R00037,/content/PUMA_P7_RUNTIME/images/e9ae3844739c8797_training_set_metastatic_roi_001.tif,459.88029465930015,208.5303867403315,training_set_metastatic_roi_001,training_set_metastatic_roi_001:610,,,
R00038,/content/PUMA_P7_RUNTIME/images/e9ae3844739c8797_training_set_metastatic_roi_001.tif,46.39494163424124,215.0,training_set_metastatic_roi_001,training_set_metastatic_roi_001:632,,,
R00039,/content/PUMA_P7_RUNTIME/images/aa0ca0fed043a2bd_training_set_metastatic_roi_025.tif,800.4096983581519,140.92974417716687,training_set_metastatic_roi_025,training_set_metastatic_roi_025:83,,,
R00040,/content/PUMA_P7_RUNTIME/images/aa0ca0fed043a2bd_training_set_metastatic_roi_025.tif,438.6202277294039,160.53962938155837,training_set_metastatic_roi_025,training_set_metastatic_roi_025:98,,,
R00041,/content/PUMA_P7_RUNTIME/images/aa0ca0fed043a2bd_training_set_metastatic_roi_025.tif,496.84791666666666,175.325,training_set_metastatic_roi_025,training_set_metastatic_roi_025:109,,,
R00042,/content/PUMA_P7_RUNTIME/images/aa0ca0fed043a2bd_training_set_metastatic_roi_025.tif,636.0208333333333,250.1209677419355,training_set_metastatic_roi_025,training_set_metastatic_roi_025:165,,,
R00043,/content/PUMA_P7_RUNTIME/images/aa0ca0fed043a2bd_training_set_metastatic_roi_025.tif,514.2921471718836,359.3596924766612,training_set_metastatic_roi_025,training_set_metastatic_roi_025:218,,,
R00044,/content/PUMA_P7_RUNTIME/images/aa0ca0fed043a2bd_training_set_metastatic_roi_025.tif,227.92013888888889,395.5416666666667,training_set_metastatic_roi_025,training_set_metastatic_roi_025:233,,,
R00045,/content/PUMA_P7_RUNTIME/images/aa0ca0fed043a2bd_training_set_metastatic_roi_025.tif,310.8284023668639,429.5059171597633,training_set_metastatic_roi_025,training_set_metastatic_roi_025:255,,,
R00046,/content/PUMA_P7_RUNTIME/images/aa0ca0fed043a2bd_training_set_metastatic_roi_025.tif,896.9968701095462,450.6353677621283,training_set_metastatic_roi_025,training_set_metastatic_roi_025:269,,,
R00047,/content/PUMA_P7_RUNTIME/images/aa0ca0fed043a2bd_training_set_metastatic_roi_025.tif,300.9491214266981,480.1143456595856,training_set_metastatic_roi_025,training_set_metastatic_roi_025:276,,,
R00048,/content/PUMA_P7_RUNTIME/images/aa0ca0fed043a2bd_training_set_metastatic_roi_025.tif,701.7987772461456,691.3351940457204,training_set_metastatic_roi_025,training_set_metastatic_roi_025:393,,,
R00049,/content/PUMA_P7_RUNTIME/images/aa0ca0fed043a2bd_training_set_metastatic_roi_025.tif,1003.7294413057126,743.4513496547395,training_set_metastatic_roi_025,training_set_metastatic_roi_025:419,,,
R00050,/content/PUMA_P7_RUNTIME/images/aa0ca0fed043a2bd_training_set_metastatic_roi_025.tif,452.8826399589111,909.1941448382128,training_set_metastatic_roi_025,training_set_metastatic_roi_025:505,,,
R00051,/content/PUMA_P7_RUNTIME/images/aa0ca0fed043a2bd_training_set_metastatic_roi_025.tif,40.078252032520325,313.1492135030046,training_set_metastatic_roi_025,training_set_metastatic_roi_025:598,,,
R00052,/content/PUMA_P7_RUNTIME/images/0f4dd9490c4bb819_training_set_metastatic_roi_047.tif,147.55363511659806,28.271330589849107,training_set_metastatic_roi_047,training_set_metastatic_roi_047:60,,,
R00053,/content/PUMA_P7_RUNTIME/images/0f4dd9490c4bb819_training_set_metastatic_roi_047.tif,738.999662959218,214.8567576676778,training_set_metastatic_roi_047,training_set_metastatic_roi_047:127,,,
R00054,/content/PUMA_P7_RUNTIME/images/0f4dd9490c4bb819_training_set_metastatic_roi_047.tif,487.15053763440864,47.91090629800307,training_set_metastatic_roi_047,training_set_metastatic_roi_047:153,,,
R00055,/content/PUMA_P7_RUNTIME/images/0f4dd9490c4bb819_training_set_metastatic_roi_047.tif,928.2680631451124,717.1733454766241,training_set_metastatic_roi_047,training_set_metastatic_roi_047:158,,,
R00056,/content/PUMA_P7_RUNTIME/images/0f4dd9490c4bb819_training_set_metastatic_roi_047.tif,415.3951473136915,413.8174465626805,training_set_metastatic_roi_047,training_set_metastatic_roi_047:207,,,
R00057,/content/PUMA_P7_RUNTIME/images/0f4dd9490c4bb819_training_set_metastatic_roi_047.tif,994.6059537798668,365.3329416372894,training_set_metastatic_roi_047,training_set_metastatic_roi_047:224,,,
R00058,/content/PUMA_P7_RUNTIME/images/0f4dd9490c4bb819_training_set_metastatic_roi_047.tif,105.55980392156864,431.4754901960784,training_set_metastatic_roi_047,training_set_metastatic_roi_047:226,,,
R00059,/content/PUMA_P7_RUNTIME/images/0f4dd9490c4bb819_training_set_metastatic_roi_047.tif,229.1020142949968,91.8180636777128,training_set_metastatic_roi_047,training_set_metastatic_roi_047:228,,,
R00060,/content/PUMA_P7_RUNTIME/images/0f4dd9490c4bb819_training_set_metastatic_roi_047.tif,583.4460518384569,200.8137432188065,training_set_metastatic_roi_047,training_set_metastatic_roi_047:298,,,
R00061,/content/PUMA_P7_RUNTIME/images/0f4dd9490c4bb819_training_set_metastatic_roi_047.tif,93.4943566591422,404.3995485327314,training_set_metastatic_roi_047,training_set_metastatic_roi_047:307,,,
R00062,/content/PUMA_P7_RUNTIME/images/0f4dd9490c4bb819_training_set_metastatic_roi_047.tif,386.23244641537326,319.61529933481154,training_set_metastatic_roi_047,training_set_metastatic_roi_047:332,,,
R00063,/content/PUMA_P7_RUNTIME/images/0f4dd9490c4bb819_training_set_metastatic_roi_047.tif,801.1715210355987,556.6159654800432,training_set_metastatic_roi_047,training_set_metastatic_roi_047:348,,,
R00064,/content/PUMA_P7_RUNTIME/images/0f4dd9490c4bb819_training_set_metastatic_roi_047.tif,89.27991452991452,825.9241452991454,training_set_metastatic_roi_047,training_set_metastatic_roi_047:393,,,
R00065,/content/PUMA_P7_RUNTIME/images/0f4dd9490c4bb819_training_set_metastatic_roi_047.tif,525.9732205778718,931.1310782241014,training_set_metastatic_roi_047,training_set_metastatic_roi_047:401,,,
R00066,/content/PUMA_P7_RUNTIME/images/0f4dd9490c4bb819_training_set_metastatic_roi_047.tif,755.6993265993266,845.6946127946128,training_set_metastatic_roi_047,training_set_metastatic_roi_047:402,,,
R00067,/content/PUMA_P7_RUNTIME/images/0f4dd9490c4bb819_training_set_metastatic_roi_047.tif,448.38704028021016,447.56333917104496,training_set_metastatic_roi_047,training_set_metastatic_roi_047:471,,,
R00068,/content/PUMA_P7_RUNTIME/images/503b5ec56c1ac835_training_set_metastatic_roi_051.tif,822.3262295081968,894.5502732240436,training_set_metastatic_roi_051,training_set_metastatic_roi_051:11,,,
R00069,/content/PUMA_P7_RUNTIME/images/503b5ec56c1ac835_training_set_metastatic_roi_051.tif,936.6093100581878,505.58769742310886,training_set_metastatic_roi_051,training_set_metastatic_roi_051:40,,,
R00070,/content/PUMA_P7_RUNTIME/images/503b5ec56c1ac835_training_set_metastatic_roi_051.tif,908.5184210526317,367.2140350877193,training_set_metastatic_roi_051,training_set_metastatic_roi_051:66,,,
R00071,/content/PUMA_P7_RUNTIME/images/503b5ec56c1ac835_training_set_metastatic_roi_051.tif,152.77755511022045,754.9002449343132,training_set_metastatic_roi_051,training_set_metastatic_roi_051:81,,,
R00072,/content/PUMA_P7_RUNTIME/images/503b5ec56c1ac835_training_set_metastatic_roi_051.tif,548.1581920903955,475.5796610169492,training_set_metastatic_roi_051,training_set_metastatic_roi_051:96,,,
R00073,/content/PUMA_P7_RUNTIME/images/503b5ec56c1ac835_training_set_metastatic_roi_051.tif,311.8794454490657,249.18324291742016,training_set_metastatic_roi_051,training_set_metastatic_roi_051:114,,,
R00074,/content/PUMA_P7_RUNTIME/images/503b5ec56c1ac835_training_set_metastatic_roi_051.tif,552.7514124293785,454.07683615819207,training_set_metastatic_roi_051,training_set_metastatic_roi_051:130,,,
R00075,/content/PUMA_P7_RUNTIME/images/503b5ec56c1ac835_training_set_metastatic_roi_051.tif,567.3077777777778,582.5533333333333,training_set_metastatic_roi_051,training_set_metastatic_roi_051:138,,,
R00076,/content/PUMA_P7_RUNTIME/images/503b5ec56c1ac835_training_set_metastatic_roi_051.tif,470.46769033909146,107.15099168266154,training_set_metastatic_roi_051,training_set_metastatic_roi_051:153,,,
R00077,/content/PUMA_P7_RUNTIME/images/503b5ec56c1ac835_training_set_metastatic_roi_051.tif,423.1260683760684,339.238603988604,training_set_metastatic_roi_051,training_set_metastatic_roi_051:216,,,
R00078,/content/PUMA_P7_RUNTIME/images/503b5ec56c1ac835_training_set_metastatic_roi_051.tif,662.9702564102564,567.2482051282051,training_set_metastatic_roi_051,training_set_metastatic_roi_051:240,,,
R00079,/content/PUMA_P7_RUNTIME/images/503b5ec56c1ac835_training_set_metastatic_roi_051.tif,511.1993710691824,973.3012578616352,training_set_metastatic_roi_051,training_set_metastatic_roi_051:242,,,
R00080,/content/PUMA_P7_RUNTIME/images/503b5ec56c1ac835_training_set_metastatic_roi_051.tif,482.0450450450451,297.56216216216217,training_set_metastatic_roi_051,training_set_metastatic_roi_051:246,,,
R00081,/content/PUMA_P7_RUNTIME/images/503b5ec56c1ac835_training_set_metastatic_roi_051.tif,427.5582329317269,807.809906291834,training_set_metastatic_roi_051,training_set_metastatic_roi_051:251,,,
R00082,/content/PUMA_P7_RUNTIME/images/503b5ec56c1ac835_training_set_metastatic_roi_051.tif,529.7943502824859,393.7435028248588,training_set_metastatic_roi_051,training_set_metastatic_roi_051:271,,,
R00083,/content/PUMA_P7_RUNTIME/images/503b5ec56c1ac835_training_set_metastatic_roi_051.tif,901.3297491039428,256.2956989247312,training_set_metastatic_roi_051,training_set_metastatic_roi_051:309,,,
R00084,/content/PUMA_P7_RUNTIME/images/503b5ec56c1ac835_training_set_metastatic_roi_051.tif,484.6863323500492,338.74827925270404,training_set_metastatic_roi_051,training_set_metastatic_roi_051:328,,,
R00085,/content/PUMA_P7_RUNTIME/images/503b5ec56c1ac835_training_set_metastatic_roi_051.tif,905.5502958579882,68.36587771203156,training_set_metastatic_roi_051,training_set_metastatic_roi_051:373,,,
R00086,/content/PUMA_P7_RUNTIME/images/503b5ec56c1ac835_training_set_metastatic_roi_051.tif,930.070758738278,642.0417732310316,training_set_metastatic_roi_051,training_set_metastatic_roi_051:427,,,
R00087,/content/PUMA_P7_RUNTIME/images/503b5ec56c1ac835_training_set_metastatic_roi_051.tif,987.5501432664756,51.13562559694365,training_set_metastatic_roi_051,training_set_metastatic_roi_051:448,,,
R00088,/content/PUMA_P7_RUNTIME/images/503b5ec56c1ac835_training_set_metastatic_roi_051.tif,342.4220623501199,24.76786570743405,training_set_metastatic_roi_051,training_set_metastatic_roi_051:460,,,
R00089,/content/PUMA_P7_RUNTIME/images/503b5ec56c1ac835_training_set_metastatic_roi_051.tif,991.7676056338028,602.294600938967,training_set_metastatic_roi_051,training_set_metastatic_roi_051:461,,,
R00090,/content/PUMA_P7_RUNTIME/images/503b5ec56c1ac835_training_set_metastatic_roi_051.tif,983.082659478886,6.443845462713387,training_set_metastatic_roi_051,training_set_metastatic_roi_051:465,,,
R00091,/content/PUMA_P7_RUNTIME/images/503b5ec56c1ac835_training_set_metastatic_roi_051.tif,681.5004541326067,876.006357856494,training_set_metastatic_roi_051,training_set_metastatic_roi_051:472,,,
R00092,/content/PUMA_P7_RUNTIME/images/503b5ec56c1ac835_training_set_metastatic_roi_051.tif,509.6970649895178,578.3165618448637,training_set_metastatic_roi_051,training_set_metastatic_roi_051:483,,,
R00093,/content/PUMA_P7_RUNTIME/images/503b5ec56c1ac835_training_set_metastatic_roi_051.tif,658.269406392694,322.26940639269407,training_set_metastatic_roi_051,training_set_metastatic_roi_051:526,,,
R00094,/content/PUMA_P7_RUNTIME/images/503b5ec56c1ac835_training_set_metastatic_roi_051.tif,38.01998401278977,435.4020783373301,training_set_metastatic_roi_051,training_set_metastatic_roi_051:537,,,
R00095,/content/PUMA_P7_RUNTIME/images/503b5ec56c1ac835_training_set_metastatic_roi_051.tif,332.19135802469134,882.9197530864197,training_set_metastatic_roi_051,training_set_metastatic_roi_051:564,,,
R00096,/content/PUMA_P7_RUNTIME/images/503b5ec56c1ac835_training_set_metastatic_roi_051.tif,520.165210210373,750.4531896031427,training_set_metastatic_roi_051,training_set_metastatic_roi_051:580,,,
R00097,/content/PUMA_P7_RUNTIME/images/503b5ec56c1ac835_training_set_metastatic_roi_051.tif,789.2427821522309,164.09186351706035,training_set_metastatic_roi_051,training_set_metastatic_roi_051:633,,,
R00098,/content/PUMA_P7_RUNTIME/images/503b5ec56c1ac835_training_set_metastatic_roi_051.tif,886.0,260.5,training_set_metastatic_roi_051,training_set_metastatic_roi_051:652,,,
R00099,/content/PUMA_P7_RUNTIME/images/503b5ec56c1ac835_training_set_metastatic_roi_051.tif,790.1045606229144,847.0274378939562,training_set_metastatic_roi_051,training_set_metastatic_roi_051:685,,,
R00100,/content/PUMA_P7_RUNTIME/images/503b5ec56c1ac835_training_set_metastatic_roi_051.tif,873.8808888888889,722.9022222222221,training_set_metastatic_roi_051,training_set_metastatic_roi_051:690,,,
R00101,/content/PUMA_P7_RUNTIME/images/503b5ec56c1ac835_training_set_metastatic_roi_051.tif,538.2565947242207,973.5947242206234,training_set_metastatic_roi_051,training_set_metastatic_roi_051:696,,,
R00102,/content/PUMA_P7_RUNTIME/images/503b5ec56c1ac835_training_set_metastatic_roi_051.tif,802.4177777777777,479.7993650793651,training_set_metastatic_roi_051,training_set_metastatic_roi_051:745,,,
R00103,/content/PUMA_P7_RUNTIME/images/503b5ec56c1ac835_training_set_metastatic_roi_051.tif,538.0620689655173,228.89310344827587,training_set_metastatic_roi_051,training_set_metastatic_roi_051:758,,,
R00104,/content/PUMA_P7_RUNTIME/images/503b5ec56c1ac835_training_set_metastatic_roi_051.tif,426.937849944009,579.0826801045166,training_set_metastatic_roi_051,training_set_metastatic_roi_051:768,,,
R00105,/content/PUMA_P7_RUNTIME/images/503b5ec56c1ac835_training_set_metastatic_roi_051.tif,652.4042232277527,792.5957767722473,training_set_metastatic_roi_051,training_set_metastatic_roi_051:777,,,
R00106,/content/PUMA_P7_RUNTIME/images/eb77b38747e535b1_training_set_metastatic_roi_086.tif,170.72593896713613,964.6960093896714,training_set_metastatic_roi_086,training_set_metastatic_roi_086:70,,,
R00107,/content/PUMA_P7_RUNTIME/images/eb77b38747e535b1_training_set_metastatic_roi_086.tif,590.1728395061729,829.8124632569078,training_set_metastatic_roi_086,training_set_metastatic_roi_086:93,,,
R00108,/content/PUMA_P7_RUNTIME/images/eb77b38747e535b1_training_set_metastatic_roi_086.tif,82.25292397660819,913.3196881091616,training_set_metastatic_roi_086,training_set_metastatic_roi_086:173,,,
R00109,/content/PUMA_P7_RUNTIME/images/eb77b38747e535b1_training_set_metastatic_roi_086.tif,894.1555104800541,410.9905341446924,training_set_metastatic_roi_086,training_set_metastatic_roi_086:246,,,
R00110,/content/PUMA_P7_RUNTIME/images/eb77b38747e535b1_training_set_metastatic_roi_086.tif,294.5871313672922,412.875781948168,training_set_metastatic_roi_086,training_set_metastatic_roi_086:255,,,
R00111,/content/PUMA_P7_RUNTIME/images/eb77b38747e535b1_training_set_metastatic_roi_086.tif,318.10227272727275,703.5492424242425,training_set_metastatic_roi_086,training_set_metastatic_roi_086:283,,,
R00112,/content/PUMA_P7_RUNTIME/images/eb77b38747e535b1_training_set_metastatic_roi_086.tif,507.1690307328605,492.8510638297872,training_set_metastatic_roi_086,training_set_metastatic_roi_086:301,,,
R00113,/content/PUMA_P7_RUNTIME/images/eb77b38747e535b1_training_set_metastatic_roi_086.tif,215.61989247311828,253.76397849462364,training_set_metastatic_roi_086,training_set_metastatic_roi_086:324,,,
R00114,/content/PUMA_P7_RUNTIME/images/eb77b38747e535b1_training_set_metastatic_roi_086.tif,943.0958333333334,510.8270833333333,training_set_metastatic_roi_086,training_set_metastatic_roi_086:340,,,
R00115,/content/PUMA_P7_RUNTIME/images/eb77b38747e535b1_training_set_metastatic_roi_086.tif,1010.0710538865044,424.0362422508345,training_set_metastatic_roi_086,training_set_metastatic_roi_086:429,,,
R00116,/content/PUMA_P7_RUNTIME/images/eb77b38747e535b1_training_set_metastatic_roi_086.tif,724.1003426333823,608.741556534508,training_set_metastatic_roi_086,training_set_metastatic_roi_086:440,,,
R00117,/content/PUMA_P7_RUNTIME/images/eb77b38747e535b1_training_set_metastatic_roi_086.tif,434.38993710691824,1019.504716981132,training_set_metastatic_roi_086,training_set_metastatic_roi_086:451,,,
R00118,/content/PUMA_P7_RUNTIME/images/e5fa84c9656ac9de_training_set_primary_roi_006.tif,503.0006553079948,268.474006116208,training_set_primary_roi_006,training_set_primary_roi_006:74,,,
R00119,/content/PUMA_P7_RUNTIME/images/e5fa84c9656ac9de_training_set_primary_roi_006.tif,34.81915462814339,351.2932049224184,training_set_primary_roi_006,training_set_primary_roi_006:98,,,
R00120,/content/PUMA_P7_RUNTIME/images/e5fa84c9656ac9de_training_set_primary_roi_006.tif,761.8769670958512,477.53648068669526,training_set_primary_roi_006,training_set_primary_roi_006:140,,,
R00121,/content/PUMA_P7_RUNTIME/images/e5fa84c9656ac9de_training_set_primary_roi_006.tif,680.6304176516943,485.3743104806935,training_set_primary_roi_006,training_set_primary_roi_006:141,,,
R00122,/content/PUMA_P7_RUNTIME/images/e5fa84c9656ac9de_training_set_primary_roi_006.tif,634.5330520393812,540.534458509142,training_set_primary_roi_006,training_set_primary_roi_006:155,,,
R00123,/content/PUMA_P7_RUNTIME/images/e5fa84c9656ac9de_training_set_primary_roi_006.tif,95.06639474280534,557.745524586449,training_set_primary_roi_006,training_set_primary_roi_006:159,,,
R00124,/content/PUMA_P7_RUNTIME/images/e5fa84c9656ac9de_training_set_primary_roi_006.tif,728.0324877614597,558.3284379172229,training_set_primary_roi_006,training_set_primary_roi_006:160,,,
R00125,/content/PUMA_P7_RUNTIME/images/e5fa84c9656ac9de_training_set_primary_roi_006.tif,262.2784019975031,794.5917602996254,training_set_primary_roi_006,training_set_primary_roi_006:235,,,
R00126,/content/PUMA_P7_RUNTIME/images/e5fa84c9656ac9de_training_set_primary_roi_006.tif,222.66280566280565,986.5238095238096,training_set_primary_roi_006,training_set_primary_roi_006:265,,,
R00127,/content/PUMA_P7_RUNTIME/images/523387951a6bd665_training_set_primary_roi_011.tif,186.831256490135,7.901349948078921,training_set_primary_roi_011,training_set_primary_roi_011:0,,,
R00128,/content/PUMA_P7_RUNTIME/images/523387951a6bd665_training_set_primary_roi_011.tif,162.21223709369025,26.974506054811982,training_set_primary_roi_011,training_set_primary_roi_011:19,,,
R00129,/content/PUMA_P7_RUNTIME/images/523387951a6bd665_training_set_primary_roi_011.tif,1016.8515625,37.92578125,training_set_primary_roi_011,training_set_primary_roi_011:23,,,
R00130,/content/PUMA_P7_RUNTIME/images/523387951a6bd665_training_set_primary_roi_011.tif,508.47401247401245,62.48325248325248,training_set_primary_roi_011,training_set_primary_roi_011:32,,,
R00131,/content/PUMA_P7_RUNTIME/images/523387951a6bd665_training_set_primary_roi_011.tif,197.1515151515152,77.23928944618599,training_set_primary_roi_011,training_set_primary_roi_011:40,,,
R00132,/content/PUMA_P7_RUNTIME/images/523387951a6bd665_training_set_primary_roi_011.tif,47.71781305114638,130.4479717813051,training_set_primary_roi_011,training_set_primary_roi_011:60,,,
R00133,/content/PUMA_P7_RUNTIME/images/523387951a6bd665_training_set_primary_roi_011.tif,69.32851883319174,228.1328235627301,training_set_primary_roi_011,training_set_primary_roi_011:96,,,
R00134,/content/PUMA_P7_RUNTIME/images/523387951a6bd665_training_set_primary_roi_011.tif,626.2096648480125,536.5684593400883,training_set_primary_roi_011,training_set_primary_roi_011:222,,,
R00135,/content/PUMA_P7_RUNTIME/images/523387951a6bd665_training_set_primary_roi_011.tif,380.2861842105263,734.1732456140351,training_set_primary_roi_011,training_set_primary_roi_011:299,,,
R00136,/content/PUMA_P7_RUNTIME/images/523387951a6bd665_training_set_primary_roi_011.tif,77.76586714045997,852.4764583950251,training_set_primary_roi_011,training_set_primary_roi_011:341,,,
R00137,/content/PUMA_P7_RUNTIME/images/523387951a6bd665_training_set_primary_roi_011.tif,399.1780893042575,862.4114745586708,training_set_primary_roi_011,training_set_primary_roi_011:342,,,
R00138,/content/PUMA_P7_RUNTIME/images/523387951a6bd665_training_set_primary_roi_011.tif,164.5602345415778,924.409381663113,training_set_primary_roi_011,training_set_primary_roi_011:359,,,
R00139,/content/PUMA_P7_RUNTIME/images/523387951a6bd665_training_set_primary_roi_011.tif,638.1182320441989,929.7149171270718,training_set_primary_roi_011,training_set_primary_roi_011:365,,,
R00140,/content/PUMA_P7_RUNTIME/images/523387951a6bd665_training_set_primary_roi_011.tif,465.8900359768497,940.1576724542468,training_set_primary_roi_011,training_set_primary_roi_011:369,,,
R00141,/content/PUMA_P7_RUNTIME/images/523387951a6bd665_training_set_primary_roi_011.tif,182.7017435897436,1004.2795897435896,training_set_primary_roi_011,training_set_primary_roi_011:403,,,
R00142,/content/PUMA_P7_RUNTIME/images/523387951a6bd665_training_set_primary_roi_011.tif,934.0761680408324,244.274833137024,training_set_primary_roi_011,training_set_primary_roi_011:415,,,
R00143,/content/PUMA_P7_RUNTIME/images/78150e01a21e9d3a_training_set_primary_roi_047.tif,762.7097237172587,997.529242913527,training_set_primary_roi_047,training_set_primary_roi_047:25,,,
R00144,/content/PUMA_P7_RUNTIME/images/78150e01a21e9d3a_training_set_primary_roi_047.tif,779.0750883392226,987.4702591283864,training_set_primary_roi_047,training_set_primary_roi_047:170,,,
R00145,/content/PUMA_P7_RUNTIME/images/78150e01a21e9d3a_training_set_primary_roi_047.tif,24.35005224660397,550.3591083246255,training_set_primary_roi_047,training_set_primary_roi_047:199,,,
R00146,/content/PUMA_P7_RUNTIME/images/78150e01a21e9d3a_training_set_primary_roi_047.tif,858.0241708825182,733.6869027543563,training_set_primary_roi_047,training_set_primary_roi_047:346,,,
R00147,/content/PUMA_P7_RUNTIME/images/78150e01a21e9d3a_training_set_primary_roi_047.tif,20.856555692560622,15.345663789560216,training_set_primary_roi_047,training_set_primary_roi_047:427,,,
R00148,/content/PUMA_P7_RUNTIME/images/78150e01a21e9d3a_training_set_primary_roi_047.tif,312.4078331204768,878.3827160493827,training_set_primary_roi_047,training_set_primary_roi_047:511,,,
R00149,/content/PUMA_P7_RUNTIME/images/78150e01a21e9d3a_training_set_primary_roi_047.tif,824.8133202099738,233.17388451443568,training_set_primary_roi_047,training_set_primary_roi_047:536,,,
R00150,/content/PUMA_P7_RUNTIME/images/78150e01a21e9d3a_training_set_primary_roi_047.tif,775.4097222222222,960.1448412698412,training_set_primary_roi_047,training_set_primary_roi_047:547,,,
R00151,/content/PUMA_P7_RUNTIME/images/78150e01a21e9d3a_training_set_primary_roi_047.tif,1005.4039473684212,27.746491228070173,training_set_primary_roi_047,training_set_primary_roi_047:585,,,
R00152,/content/PUMA_P7_RUNTIME/images/78150e01a21e9d3a_training_set_primary_roi_047.tif,894.1614948281615,962.1084417751084,training_set_primary_roi_047,training_set_primary_roi_047:683,,,
R00153,/content/PUMA_P7_RUNTIME/images/78150e01a21e9d3a_training_set_primary_roi_047.tif,684.3341761483355,306.36578171091446,training_set_primary_roi_047,training_set_primary_roi_047:690,,,
R00154,/content/PUMA_P7_RUNTIME/images/78150e01a21e9d3a_training_set_primary_roi_047.tif,63.75414984297892,384.94122925078506,training_set_primary_roi_047,training_set_primary_roi_047:800,,,
R00155,/content/PUMA_P7_RUNTIME/images/78150e01a21e9d3a_training_set_primary_roi_047.tif,894.0075897815624,1009.6102060965076,training_set_primary_roi_047,training_set_primary_roi_047:802,,,
R00156,/content/PUMA_P7_RUNTIME/images/a5cb5fdc11611b30_training_set_primary_roi_054.tif,832.4757834757834,18.03548303548304,training_set_primary_roi_054,training_set_primary_roi_054:8,,,
R00157,/content/PUMA_P7_RUNTIME/images/a5cb5fdc11611b30_training_set_primary_roi_054.tif,205.9721377912867,93.71732522796351,training_set_primary_roi_054,training_set_primary_roi_054:48,,,
R00158,/content/PUMA_P7_RUNTIME/images/a5cb5fdc11611b30_training_set_primary_roi_054.tif,633.8024300052826,119.01531959852088,training_set_primary_roi_054,training_set_primary_roi_054:61,,,
R00159,/content/PUMA_P7_RUNTIME/images/a5cb5fdc11611b30_training_set_primary_roi_054.tif,579.1656565656565,193.36565656565656,training_set_primary_roi_054,training_set_primary_roi_054:95,,,
R00160,/content/PUMA_P7_RUNTIME/images/a5cb5fdc11611b30_training_set_primary_roi_054.tif,498.2372294372295,231.2709956709957,training_set_primary_roi_054,training_set_primary_roi_054:119,,,
R00161,/content/PUMA_P7_RUNTIME/images/a5cb5fdc11611b30_training_set_primary_roi_054.tif,624.9908045977012,250.18084291187745,training_set_primary_roi_054,training_set_primary_roi_054:127,,,
R00162,/content/PUMA_P7_RUNTIME/images/a5cb5fdc11611b30_training_set_primary_roi_054.tif,662.1672179345828,556.4130834252113,training_set_primary_roi_054,training_set_primary_roi_054:295,,,
R00163,/content/PUMA_P7_RUNTIME/images/a5cb5fdc11611b30_training_set_primary_roi_054.tif,309.18439716312054,983.4652482269504,training_set_primary_roi_054,training_set_primary_roi_054:569,,,
R00164,/content/PUMA_P7_RUNTIME/images/69697d10ee3c0cbd_training_set_primary_roi_089.tif,174.50924991590983,706.5206861755802,training_set_primary_roi_089,training_set_primary_roi_089:12,,,
R00165,/content/PUMA_P7_RUNTIME/images/69697d10ee3c0cbd_training_set_primary_roi_089.tif,705.2680734661977,540.7948417350527,training_set_primary_roi_089,training_set_primary_roi_089:39,,,
R00166,/content/PUMA_P7_RUNTIME/images/69697d10ee3c0cbd_training_set_primary_roi_089.tif,8.81532663316583,976.1591289782244,training_set_primary_roi_089,training_set_primary_roi_089:44,,,
R00167,/content/PUMA_P7_RUNTIME/images/69697d10ee3c0cbd_training_set_primary_roi_089.tif,462.37612971823495,357.1501860712387,training_set_primary_roi_089,training_set_primary_roi_089:48,,,
R00168,/content/PUMA_P7_RUNTIME/images/69697d10ee3c0cbd_training_set_primary_roi_089.tif,454.8025925925926,67.4762962962963,training_set_primary_roi_089,training_set_primary_roi_089:62,,,
R00169,/content/PUMA_P7_RUNTIME/images/69697d10ee3c0cbd_training_set_primary_roi_089.tif,743.9683760683761,503.5034188034188,training_set_primary_roi_089,training_set_primary_roi_089:70,,,
R00170,/content/PUMA_P7_RUNTIME/images/69697d10ee3c0cbd_training_set_primary_roi_089.tif,382.1856007480131,932.5829827021972,training_set_primary_roi_089,training_set_primary_roi_089:78,,,
R00171,/content/PUMA_P7_RUNTIME/images/69697d10ee3c0cbd_training_set_primary_roi_089.tif,330.100816236488,698.114493712773,training_set_primary_roi_089,training_set_primary_roi_089:79,,,
R00172,/content/PUMA_P7_RUNTIME/images/69697d10ee3c0cbd_training_set_primary_roi_089.tif,842.3246492985973,609.6803607214429,training_set_primary_roi_089,training_set_primary_roi_089:101,,,
R00173,/content/PUMA_P7_RUNTIME/images/69697d10ee3c0cbd_training_set_primary_roi_089.tif,368.4542440318302,529.8057029177719,training_set_primary_roi_089,training_set_primary_roi_089:107,,,
R00174,/content/PUMA_P7_RUNTIME/images/69697d10ee3c0cbd_training_set_primary_roi_089.tif,473.3299406276505,243.80661577608143,training_set_primary_roi_089,training_set_primary_roi_089:134,,,
R00175,/content/PUMA_P7_RUNTIME/images/69697d10ee3c0cbd_training_set_primary_roi_089.tif,340.9694010416667,471.466796875,training_set_primary_roi_089,training_set_primary_roi_089:135,,,
R00176,/content/PUMA_P7_RUNTIME/images/69697d10ee3c0cbd_training_set_primary_roi_089.tif,868.3410171972191,790.0863519941456,training_set_primary_roi_089,training_set_primary_roi_089:147,,,
R00177,/content/PUMA_P7_RUNTIME/images/69697d10ee3c0cbd_training_set_primary_roi_089.tif,562.9585163494388,673.5939482674476,training_set_primary_roi_089,training_set_primary_roi_089:154,,,
R00178,/content/PUMA_P7_RUNTIME/images/69697d10ee3c0cbd_training_set_primary_roi_089.tif,442.1196319018405,557.5184049079754,training_set_primary_roi_089,training_set_primary_roi_089:214,,,
R00179,/content/PUMA_P7_RUNTIME/images/69697d10ee3c0cbd_training_set_primary_roi_089.tif,700.7798742138365,991.4895178197064,training_set_primary_roi_089,training_set_primary_roi_089:265,,,
R00180,/content/PUMA_P7_RUNTIME/images/02e4554816c46bbb_training_set_primary_roi_095.tif,338.2054120541206,5.302583025830258,training_set_primary_roi_095,training_set_primary_roi_095:1,,,
R00181,/content/PUMA_P7_RUNTIME/images/02e4554816c46bbb_training_set_primary_roi_095.tif,444.7990495587237,6.781398506449422,training_set_primary_roi_095,training_set_primary_roi_095:3,,,
R00182,/content/PUMA_P7_RUNTIME/images/02e4554816c46bbb_training_set_primary_roi_095.tif,785.3787321063394,11.47443762781186,training_set_primary_roi_095,training_set_primary_roi_095:6,,,
R00183,/content/PUMA_P7_RUNTIME/images/02e4554816c46bbb_training_set_primary_roi_095.tif,1017.4067278287462,2.2813455657492354,training_set_primary_roi_095,training_set_primary_roi_095:10,,,
R00184,/content/PUMA_P7_RUNTIME/images/02e4554816c46bbb_training_set_primary_roi_095.tif,67.31701631701632,65.87645687645688,training_set_primary_roi_095,training_set_primary_roi_095:40,,,
R00185,/content/PUMA_P7_RUNTIME/images/02e4554816c46bbb_training_set_primary_roi_095.tif,352.4279042615295,68.08114419147695,training_set_primary_roi_095,training_set_primary_roi_095:41,,,
R00186,/content/PUMA_P7_RUNTIME/images/02e4554816c46bbb_training_set_primary_roi_095.tif,365.6629213483146,165.48267790262173,training_set_primary_roi_095,training_set_primary_roi_095:81,,,
R00187,/content/PUMA_P7_RUNTIME/images/02e4554816c46bbb_training_set_primary_roi_095.tif,276.62034078807244,192.61128860489885,training_set_primary_roi_095,training_set_primary_roi_095:89,,,
R00188,/content/PUMA_P7_RUNTIME/images/02e4554816c46bbb_training_set_primary_roi_095.tif,234.2492530943235,273.06103286384973,training_set_primary_roi_095,training_set_primary_roi_095:107,,,
R00189,/content/PUMA_P7_RUNTIME/images/02e4554816c46bbb_training_set_primary_roi_095.tif,937.918533604888,291.73523421588595,training_set_primary_roi_095,training_set_primary_roi_095:118,,,
R00190,/content/PUMA_P7_RUNTIME/images/02e4554816c46bbb_training_set_primary_roi_095.tif,20.29787234042553,309.3724717625427,training_set_primary_roi_095,training_set_primary_roi_095:122,,,
R00191,/content/PUMA_P7_RUNTIME/images/02e4554816c46bbb_training_set_primary_roi_095.tif,971.1075837742504,468.31510875955325,training_set_primary_roi_095,training_set_primary_roi_095:174,,,
R00192,/content/PUMA_P7_RUNTIME/images/02e4554816c46bbb_training_set_primary_roi_095.tif,645.8657534246576,486.7858447488585,training_set_primary_roi_095,training_set_primary_roi_095:179,,,
R00193,/content/PUMA_P7_RUNTIME/images/02e4554816c46bbb_training_set_primary_roi_095.tif,354.3116391184573,619.8159435261708,training_set_primary_roi_095,training_set_primary_roi_095:221,,,
R00194,/content/PUMA_P7_RUNTIME/images/02e4554816c46bbb_training_set_primary_roi_095.tif,294.54603174603176,626.1460317460318,training_set_primary_roi_095,training_set_primary_roi_095:225,,,
R00195,/content/PUMA_P7_RUNTIME/images/02e4554816c46bbb_training_set_primary_roi_095.tif,649.6774559909143,669.801249290176,training_set_primary_roi_095,training_set_primary_roi_095:242,,,
R00196,/content/PUMA_P7_RUNTIME/images/02e4554816c46bbb_training_set_primary_roi_095.tif,5.104211277658814,684.1741613133476,training_set_primary_roi_095,training_set_primary_roi_095:245,,,
R00197,/content/PUMA_P7_RUNTIME/images/02e4554816c46bbb_training_set_primary_roi_095.tif,327.8939393939394,687.5420875420876,training_set_primary_roi_095,training_set_primary_roi_095:247,,,
R00198,/content/PUMA_P7_RUNTIME/images/02e4554816c46bbb_training_set_primary_roi_095.tif,355.36997055937195,716.8112528622833,training_set_primary_roi_095,training_set_primary_roi_095:263,,,
R00199,/content/PUMA_P7_RUNTIME/images/02e4554816c46bbb_training_set_primary_roi_095.tif,604.8934707903779,804.828178694158,training_set_primary_roi_095,training_set_primary_roi_095:295,,,
R00200,/content/PUMA_P7_RUNTIME/images/02e4554816c46bbb_training_set_primary_roi_095.tif,748.8466993998909,950.0040916530278,training_set_primary_roi_095,training_set_primary_roi_095:360,,,
R00201,/content/PUMA_P7_RUNTIME/images/02e4554816c46bbb_training_set_primary_roi_095.tif,791.39289446186,979.3967258794844,training_set_primary_roi_095,training_set_primary_roi_095:367,,,
R00202,/content/PUMA_P7_RUNTIME/images/02e4554816c46bbb_training_set_primary_roi_095.tif,1007.0325203252032,1020.159349593496,training_set_primary_roi_095,training_set_primary_roi_095:377,,,
R00203,/content/PUMA_P7_RUNTIME/images/02e4554816c46bbb_training_set_primary_roi_095.tif,910.9758879113718,484.54708374063216,training_set_primary_roi_095,training_set_primary_roi_095:386,,,
