role,label,class_name,sampled_nuclei,independent_rois
TRAIN,0,tumor,716,24
TRAIN,1,lymphocyte,623,24
TRAIN,2,plasma_cell,64,12
TRAIN,3,histiocyte,450,19
TRAIN,4,melanophage,115,15
TRAIN,5,neutrophil,99,12
TRAIN,6,stroma,437,22
TRAIN,7,epithelium,298,12
TRAIN,8,endothelium,241,17
TRAIN,9,apoptosis,172,17
CAL,0,tumor,120,4
CAL,1,lymphocyte,92,4
CAL,2,plasma_cell,29,1
CAL,3,histiocyte,56,2
CAL,4,melanophage,26,3
CAL,5,neutrophil,9,2
CAL,6,stroma,55,3
CAL,7,epithelium,30,1
CAL,8,endothelium,42,3
CAL,9,apoptosis,60,3
VALIDATE,0,tumor,120,4
VALIDATE,1,lymphocyte,90,3
VALIDATE,2,plasma_cell,39,3
VALIDATE,3,histiocyte,60,2
VALIDATE,4,melanophage,6,2
VALIDATE,5,neutrophil,37,2
VALIDATE,6,stroma,46,4
VALIDATE,7,epithelium,30,1
VALIDATE,8,endothelium,43,4
VALIDATE,9,apoptosis,63,3
TEST,0,tumor,120,4
TEST,1,lymphocyte,120,4
TEST,2,plasma_cell,36,4
TEST,3,histiocyte,102,4
TEST,4,melanophage,10,2
TEST,5,neutrophil,30,1
TEST,6,stroma,76,4
TEST,7,epithelium,60,2
TEST,8,endothelium,32,3
TEST,9,apoptosis,37,3
