roi,role,source,raw_tumor,raw_lymphocyte,raw_plasma_cell,raw_histiocyte,raw_melanophage,raw_neutrophil,raw_stroma,raw_epithelium,raw_endothelium,raw_apoptosis,sampled_tumor,sampled_lymphocyte,sampled_plasma_cell,sampled_histiocyte,sampled_melanophage,sampled_neutrophil,sampled_stroma,sampled_epithelium,sampled_endothelium,sampled_apoptosis
training_set_metastatic_roi_025,TRAIN,metastatic,120,312,84,61,0,0,61,0,0,1,30,30,30,30,0,0,30,0,0,1
training_set_metastatic_roi_026,TRAIN,metastatic,298,199,11,20,0,1,17,0,7,7,30,30,11,20,0,1,17,0,7,7
training_set_metastatic_roi_027,TEST,metastatic,124,53,3,41,0,160,6,0,0,72,30,30,3,30,0,30,6,0,0,30
training_set_metastatic_roi_028,TRAIN,metastatic,360,244,6,1,3,1,6,0,10,2,30,30,6,1,3,1,6,0,10,2
training_set_metastatic_roi_030,CAL,metastatic,522,188,29,0,0,0,6,0,0,26,30,30,29,0,0,0,6,0,0,26
training_set_metastatic_roi_032,TEST,metastatic,130,166,104,22,4,0,10,0,8,6,30,30,30,22,4,0,10,0,8,6
training_set_metastatic_roi_046,TRAIN,metastatic,304,58,1,0,0,39,20,0,4,12,30,30,1,0,0,30,20,0,4,12
training_set_metastatic_roi_056,TRAIN,metastatic,203,26,0,0,0,22,16,0,24,55,30,26,0,0,0,22,16,0,24,30
training_set_metastatic_roi_057,VALIDATE,metastatic,273,194,131,0,0,0,3,0,4,3,30,30,30,0,0,0,3,0,4,3
training_set_metastatic_roi_065,TRAIN,metastatic,499,32,3,2,0,1,8,0,1,7,30,30,3,2,0,1,8,0,1,7
training_set_metastatic_roi_072,TRAIN,metastatic,625,102,2,0,0,7,0,0,13,5,30,30,2,0,0,7,0,0,13,5
training_set_metastatic_roi_101,TRAIN,metastatic,206,1,0,0,0,1,0,0,0,174,30,1,0,0,0,1,0,0,0,30
training_set_primary_roi_007,TRAIN,primary,144,19,0,2,15,0,72,23,43,0,30,19,0,2,15,0,30,23,30,0
training_set_primary_roi_010,CAL,primary,193,50,0,26,14,0,30,53,8,0,30,30,0,26,14,0,30,30,8,0
training_set_primary_roi_011,TEST,primary,64,54,2,77,0,0,36,182,18,0,30,30,2,30,0,0,30,30,18,0
training_set_primary_roi_013,TRAIN,primary,26,199,0,157,1,3,2,33,26,0,26,30,0,30,1,3,2,30,26,0
training_set_primary_roi_025,TRAIN,primary,139,53,1,33,4,18,10,0,0,27,30,30,1,30,4,18,10,0,0,27
training_set_primary_roi_026,TRAIN,primary,58,35,0,59,14,0,48,18,34,3,30,30,0,30,14,0,30,18,30,3
training_set_primary_roi_033,TEST,primary,176,78,1,20,6,0,47,52,6,1,30,30,1,20,6,0,30,30,6,1
training_set_primary_roi_036,TRAIN,primary,190,100,0,23,2,0,163,50,0,0,30,30,0,23,2,0,30,30,0,0
training_set_primary_roi_042,TRAIN,primary,177,2,0,0,0,0,33,248,0,0,30,2,0,0,0,0,30,30,0,0
training_set_primary_roi_048,VALIDATE,primary,54,467,2,138,4,7,68,0,41,32,30,30,2,30,4,7,30,0,30,30
training_set_primary_roi_052,VALIDATE,primary,168,327,7,80,0,50,11,0,7,47,30,30,7,30,0,30,11,0,7,30
training_set_primary_roi_059,TRAIN,primary,101,184,5,247,6,5,4,0,1,6,30,30,5,30,6,5,4,0,1,6
training_set_primary_roi_061,VALIDATE,primary,126,0,0,0,2,0,2,432,2,0,30,0,0,0,2,0,2,30,2,0
training_set_primary_roi_067,TRAIN,primary,334,5,0,16,0,0,7,82,0,5,30,5,0,16,0,0,7,30,0,5
training_set_primary_roi_068,TRAIN,primary,186,177,1,53,22,1,15,0,23,28,30,30,1,30,22,1,15,0,23,28
training_set_primary_roi_073,TRAIN,primary,82,124,0,72,8,0,37,103,3,0,30,30,0,30,8,0,30,30,3,0
training_set_primary_roi_074,TRAIN,primary,125,222,0,83,4,0,38,8,1,4,30,30,0,30,4,0,30,8,1,4
training_set_primary_roi_082,CAL,primary,184,2,0,0,11,8,0,0,8,47,30,2,0,0,11,8,0,0,8,30
training_set_primary_roi_083,CAL,primary,134,335,0,267,1,1,19,0,26,4,30,30,0,30,1,1,19,0,26,4
training_set_primary_roi_090,TRAIN,primary,327,32,0,26,9,0,17,25,41,2,30,30,0,26,9,0,17,25,30,2
training_set_primary_roi_095,TRAIN,primary,216,92,2,39,15,9,30,0,5,1,30,30,2,30,15,9,30,0,5,1
training_set_primary_roi_100,TRAIN,primary,163,148,1,46,1,0,60,14,0,0,30,30,1,30,1,0,30,14,0,0
training_set_primary_roi_101,TRAIN,primary,41,141,0,56,8,0,31,98,5,2,30,30,0,30,8,0,30,30,5,2
training_set_primary_roi_102,TRAIN,primary,170,97,1,35,3,0,15,122,28,0,30,30,1,30,3,0,15,30,28,0
