"uid","roi","group","image","x","y","eval_x","eval_y","eval_centroids","label","class_name","split","coordinate_source"
"training_set_metastatic_roi_102:127","training_set_metastatic_roi_102","training_set_metastatic_roi_102","/content/drive/MyDrive/Research/PUMA/PUMA_STAGE2_COLAB/INPUTS/RAW/01_training_dataset_tif_ROIs/training_set_metastatic_roi_102.tif","886.7666666666667","343.44117647058823","887.2537231445312","342.97015380859375","[[887.2537231445312, 342.97015380859375]]","0","tumor","calibration","gt"
"training_set_metastatic_roi_018:218","training_set_metastatic_roi_018","training_set_metastatic_roi_018","/content/drive/MyDrive/Research/PUMA/PUMA_STAGE2_COLAB/INPUTS/RAW/01_training_dataset_tif_ROIs/training_set_metastatic_roi_018.tif","991.8007554296506","409.64589235127477","991.3599853515625","409.9200134277344","[[991.3599853515625, 409.9200134277344]]","0","tumor","calibration","gt"
"training_set_primary_roi_012:201","training_set_primary_roi_012","training_set_primary_roi_012","/content/drive/MyDrive/Research/PUMA/PUMA_STAGE2_COLAB/INPUTS/RAW/01_training_dataset_tif_ROIs/training_set_primary_roi_012.tif","292.6321934945788","673.9077008618293","293.9166564941406","672.6666870117188","[[293.9166564941406, 672.6666870117188]]","0","tumor","calibration","gt"
"training_set_metastatic_roi_097:217","training_set_metastatic_roi_097","training_set_metastatic_roi_097","/content/drive/MyDrive/Research/PUMA/PUMA_STAGE2_COLAB/INPUTS/RAW/01_training_dataset_tif_ROIs/training_set_metastatic_roi_097.tif","111.48394046220133","609.3995299647473","112.34782409667969","608.6956787109375","[[112.34782409667969, 608.6956787109375]]","0","tumor","calibration","gt"
"training_set_primary_roi_022:279","training_set_primary_roi_022","training_set_primary_roi_022","/content/drive/MyDrive/Research/PUMA/PUMA_STAGE2_COLAB/INPUTS/RAW/01_training_dataset_tif_ROIs/training_set_primary_roi_022.tif","225.69702905648057","793.1733594515181","224.02499389648438","793.4749755859375","[[224.02499389648438, 793.4749755859375]]","0","tumor","calibration","gt"
"training_set_metastatic_roi_030:29","training_set_metastatic_roi_030","training_set_metastatic_roi_030","/content/drive/MyDrive/Research/PUMA/PUMA_STAGE2_COLAB/INPUTS/RAW/01_training_dataset_tif_ROIs/training_set_metastatic_roi_030.tif","544.4228070175438","23.32982456140351","544.8386840820312","21.612903594970703","[[544.8386840820312, 21.612903594970703]]","0","tumor","calibration","gt"
"training_set_primary_roi_068:91","training_set_primary_roi_068","training_set_primary_roi_068","/content/drive/MyDrive/Research/PUMA/PUMA_STAGE2_COLAB/INPUTS/RAW/01_training_dataset_tif_ROIs/training_set_primary_roi_068.tif","757.7582791705354","189.5976477870628","757.276611328125","191.0","[[757.276611328125, 191.0]]","0","tumor","calibration","gt"
"training_set_metastatic_roi_002:393","training_set_metastatic_roi_002","training_set_metastatic_roi_002","/content/drive/MyDrive/Research/PUMA/PUMA_STAGE2_COLAB/INPUTS/RAW/01_training_dataset_tif_ROIs/training_set_metastatic_roi_002.tif","347.36499068901304","163.57914338919926","347.5384521484375","163.3076934814453","[[347.5384521484375, 163.3076934814453]]","0","tumor","calibration","gt"
"training_set_primary_roi_083:584","training_set_primary_roi_083","training_set_primary_roi_083","/content/drive/MyDrive/Research/PUMA/PUMA_STAGE2_COLAB/INPUTS/RAW/01_training_dataset_tif_ROIs/training_set_primary_roi_083.tif","244.8230452674897","827.8460905349795","243.44827270507812","828.72412109375","[[243.44827270507812, 828.72412109375]]","0","tumor","calibration","gt"
"training_set_primary_roi_082:64","training_set_primary_roi_082","training_set_primary_roi_082","/content/drive/MyDrive/Research/PUMA/PUMA_STAGE2_COLAB/INPUTS/RAW/01_training_dataset_tif_ROIs/training_set_primary_roi_082.tif","485.1787545787546","59.17045177045178","486.5641174316406","57.43589782714844","[[486.5641174316406, 57.43589782714844]]","0","tumor","calibration","gt"
"training_set_metastatic_roi_093:147","training_set_metastatic_roi_093","training_set_metastatic_roi_093","/content/drive/MyDrive/Research/PUMA/PUMA_STAGE2_COLAB/INPUTS/RAW/01_training_dataset_tif_ROIs/training_set_metastatic_roi_093.tif","694.7617220801363","828.4015345268542","694.7647094726562","827.2352905273438","[[694.7647094726562, 827.2352905273438]]","0","tumor","calibration","gt"
"training_set_primary_roi_058:10","training_set_primary_roi_058","training_set_primary_roi_058","/content/drive/MyDrive/Research/PUMA/PUMA_STAGE2_COLAB/INPUTS/RAW/01_training_dataset_tif_ROIs/training_set_primary_roi_058.tif","523.763986013986","23.542540792540795","523.0","21.727272033691406","[[523.0, 21.727272033691406]]","0","tumor","calibration","gt"
"training_set_primary_roi_010:236","training_set_primary_roi_010","training_set_primary_roi_010","/content/drive/MyDrive/Research/PUMA/PUMA_STAGE2_COLAB/INPUTS/RAW/01_training_dataset_tif_ROIs/training_set_primary_roi_010.tif","775.6561488673138","711.3636731391585","775.1538696289062","709.6923217773438","[[775.1538696289062, 709.6923217773438]]","0","tumor","calibration","gt"
"training_set_primary_roi_062:422","training_set_primary_roi_062","training_set_primary_roi_062","/content/drive/MyDrive/Research/PUMA/PUMA_STAGE2_COLAB/INPUTS/RAW/01_training_dataset_tif_ROIs/training_set_primary_roi_062.tif","644.082577251808","936.3243918474689","644.5362548828125","939.5652465820312","[[644.5362548828125, 939.5652465820312]]","0","tumor","calibration","gt"
"training_set_metastatic_roi_031:53","training_set_metastatic_roi_031","training_set_metastatic_roi_031","/content/drive/MyDrive/Research/PUMA/PUMA_STAGE2_COLAB/INPUTS/RAW/01_training_dataset_tif_ROIs/training_set_metastatic_roi_031.tif","900.3385416666666","650.6652298850576","901.8909301757812","649.1454467773438","[[901.8909301757812, 649.1454467773438]]","0","tumor","calibration","gt"
"training_set_metastatic_roi_035:179","training_set_metastatic_roi_035","training_set_metastatic_roi_035","/content/drive/MyDrive/Research/PUMA/PUMA_STAGE2_COLAB/INPUTS/RAW/01_training_dataset_tif_ROIs/training_set_metastatic_roi_035.tif","329.2165725047081","906.1403013182675","328.4705810546875","906.4117431640625","[[328.4705810546875, 906.4117431640625]]","0","tumor","calibration","gt"
"training_set_metastatic_roi_056:245","training_set_metastatic_roi_056","training_set_metastatic_roi_056","/content/drive/MyDrive/Research/PUMA/PUMA_STAGE2_COLAB/INPUTS/RAW/01_training_dataset_tif_ROIs/training_set_metastatic_roi_056.tif","706.2686890574214","867.6663055254604","707.279052734375","864.5581665039062","[[707.279052734375, 864.5581665039062]]","0","tumor","calibration","gt"
"training_set_metastatic_roi_046:165","training_set_metastatic_roi_046","training_set_metastatic_roi_046","/content/drive/MyDrive/Research/PUMA/PUMA_STAGE2_COLAB/INPUTS/RAW/01_training_dataset_tif_ROIs/training_set_metastatic_roi_046.tif","51.202817484980315","418.75036254402323","52.47169876098633","421.9245300292969","[[52.47169876098633, 421.9245300292969]]","0","tumor","calibration","gt"
"training_set_metastatic_roi_029:63","training_set_metastatic_roi_029","training_set_metastatic_roi_029","/content/drive/MyDrive/Research/PUMA/PUMA_STAGE2_COLAB/INPUTS/RAW/01_training_dataset_tif_ROIs/training_set_metastatic_roi_029.tif","324.70591959480845","627.6280468502691","324.17999267578125","627.6799926757812","[[324.17999267578125, 627.6799926757812]]","0","tumor","calibration","gt"
"training_set_primary_roi_040:213","training_set_primary_roi_040","training_set_primary_roi_040","/content/drive/MyDrive/Research/PUMA/PUMA_STAGE2_COLAB/INPUTS/RAW/01_training_dataset_tif_ROIs/training_set_primary_roi_040.tif","740.4335649610443","547.120235839124","739.8545532226562","548.1272583007812","[[739.8545532226562, 548.1272583007812]]","0","tumor","calibration","gt"
"training_set_metastatic_roi_087:192","training_set_metastatic_roi_087","training_set_metastatic_roi_087","/content/drive/MyDrive/Research/PUMA/PUMA_STAGE2_COLAB/INPUTS/RAW/01_training_dataset_tif_ROIs/training_set_metastatic_roi_087.tif","154.105147864184","713.5282949981746","154.29730224609375","712.3513793945312","[[154.29730224609375, 712.3513793945312]]","0","tumor","calibration","gt"
"training_set_primary_roi_086:52","training_set_primary_roi_086","training_set_primary_roi_086","/content/drive/MyDrive/Research/PUMA/PUMA_STAGE2_COLAB/INPUTS/RAW/01_training_dataset_tif_ROIs/training_set_primary_roi_086.tif","747.3643410852713","564.2308624031008","748.6595458984375","564.3829956054688","[[748.6595458984375, 564.3829956054688]]","0","tumor","calibration","gt"
"training_set_metastatic_roi_040:109","training_set_metastatic_roi_040","training_set_metastatic_roi_040","/content/drive/MyDrive/Research/PUMA/PUMA_STAGE2_COLAB/INPUTS/RAW/01_training_dataset_tif_ROIs/training_set_metastatic_roi_040.tif","35.73708333333334","284.3654166666667","33.673912048339844","283.36956787109375","[[33.673912048339844, 283.36956787109375]]","0","tumor","calibration","gt"
"training_set_primary_roi_016:306","training_set_primary_roi_016","training_set_primary_roi_016","/content/drive/MyDrive/Research/PUMA/PUMA_STAGE2_COLAB/INPUTS/RAW/01_training_dataset_tif_ROIs/training_set_primary_roi_016.tif","638.3907193849534","434.61998901702356","638.8490600585938","435.11322021484375","[[638.8490600585938, 435.11322021484375]]","0","tumor","calibration","gt"
"training_set_primary_roi_096:537","training_set_primary_roi_096","training_set_primary_roi_096","/content/drive/MyDrive/Research/PUMA/PUMA_STAGE2_COLAB/INPUTS/RAW/01_training_dataset_tif_ROIs/training_set_primary_roi_096.tif","154.36915204678363","920.2587719298245","155.0","918.2999877929688","[[155.0, 918.2999877929688]]","0","tumor","calibration","gt"
"training_set_primary_roi_037:204","training_set_primary_roi_037","training_set_primary_roi_037","/content/drive/MyDrive/Research/PUMA/PUMA_STAGE2_COLAB/INPUTS/RAW/01_training_dataset_tif_ROIs/training_set_primary_roi_037.tif","269.95309381237524","553.4780439121756","269.1714172363281","552.4571533203125","[[269.1714172363281, 552.4571533203125]]","0","tumor","calibration","gt"
"training_set_primary_roi_002:135","training_set_primary_roi_002","training_set_primary_roi_002","/content/drive/MyDrive/Research/PUMA/PUMA_STAGE2_COLAB/INPUTS/RAW/01_training_dataset_tif_ROIs/training_set_primary_roi_002.tif","27.655764783614142","404.38553022794844","28.363636016845703","402.6363525390625","[[28.363636016845703, 402.6363525390625]]","0","tumor","calibration","gt"
"training_set_metastatic_roi_001:103","training_set_metastatic_roi_001","training_set_metastatic_roi_001","/content/drive/MyDrive/Research/PUMA/PUMA_STAGE2_COLAB/INPUTS/RAW/01_training_dataset_tif_ROIs/training_set_metastatic_roi_001.tif","870.7065934065934","949.151282051282","870.4249877929688","947.125","[[870.4249877929688, 947.125]]","0","tumor","calibration","gt"
"training_set_metastatic_roi_085:21","training_set_metastatic_roi_085","training_set_metastatic_roi_085","/content/drive/MyDrive/Research/PUMA/PUMA_STAGE2_COLAB/INPUTS/RAW/01_training_dataset_tif_ROIs/training_set_metastatic_roi_085.tif","742.53","149.29238095238097","741.923095703125","149.94871520996094","[[741.923095703125, 149.94871520996094]]","0","tumor","calibration","gt"
"training_set_metastatic_roi_076:136","training_set_metastatic_roi_076","training_set_metastatic_roi_076","/content/drive/MyDrive/Research/PUMA/PUMA_STAGE2_COLAB/INPUTS/RAW/01_training_dataset_tif_ROIs/training_set_metastatic_roi_076.tif","658.8425584255843","668.8536285362854","657.5416870117188","667.9583129882812","[[657.5416870117188, 667.9583129882812]]","0","tumor","calibration","gt"
"training_set_metastatic_roi_020:79","training_set_metastatic_roi_020","training_set_metastatic_roi_020","/content/drive/MyDrive/Research/PUMA/PUMA_STAGE2_COLAB/INPUTS/RAW/01_training_dataset_tif_ROIs/training_set_metastatic_roi_020.tif","754.9364341085271","474.68798449612405","754.7941284179688","473.6470642089844","[[754.7941284179688, 473.6470642089844]]","0","tumor","calibration","gt"
"training_set_primary_roi_091:425","training_set_primary_roi_091","training_set_primary_roi_091","/content/drive/MyDrive/Research/PUMA/PUMA_STAGE2_COLAB/INPUTS/RAW/01_training_dataset_tif_ROIs/training_set_primary_roi_091.tif","996.7568751888788","600.0188878815352","997.611083984375","598.2083129882812","[[997.611083984375, 598.2083129882812]]","0","tumor","calibration","gt"
"training_set_metastatic_roi_015:59","training_set_metastatic_roi_015","training_set_metastatic_roi_015","/content/drive/MyDrive/Research/PUMA/PUMA_STAGE2_COLAB/INPUTS/RAW/01_training_dataset_tif_ROIs/training_set_metastatic_roi_015.tif","395.3360759493671","194.20548523206753","393.3599853515625","190.82000732421875","[[393.3599853515625, 190.82000732421875]]","0","tumor","calibration","gt"
"training_set_primary_roi_052:585","training_set_primary_roi_052","training_set_primary_roi_052","/content/drive/MyDrive/Research/PUMA/PUMA_STAGE2_COLAB/INPUTS/RAW/01_training_dataset_tif_ROIs/training_set_primary_roi_052.tif","681.4084640989063","955.7218259629101","680.6923217773438","954.8461303710938","[[680.6923217773438, 954.8461303710938]]","0","tumor","calibration","gt"
"training_set_primary_roi_098:185","training_set_primary_roi_098","training_set_primary_roi_098","/content/drive/MyDrive/Research/PUMA/PUMA_STAGE2_COLAB/INPUTS/RAW/01_training_dataset_tif_ROIs/training_set_primary_roi_098.tif","431.6490903484428","669.3391921060746","433.941162109375","670.3529663085938","[[433.941162109375, 670.3529663085938]]","0","tumor","calibration","gt"
"training_set_primary_roi_067:111","training_set_primary_roi_067","training_set_primary_roi_067","/content/drive/MyDrive/Research/PUMA/PUMA_STAGE2_COLAB/INPUTS/RAW/01_training_dataset_tif_ROIs/training_set_primary_roi_067.tif","879.5590207914152","298.3252850435949","878.1190185546875","298.1666564941406","[[878.1190185546875, 298.1666564941406]]","0","tumor","calibration","gt"
"training_set_metastatic_roi_023:320","training_set_metastatic_roi_023","training_set_metastatic_roi_023","/content/drive/MyDrive/Research/PUMA/PUMA_STAGE2_COLAB/INPUTS/RAW/01_training_dataset_tif_ROIs/training_set_metastatic_roi_023.tif","259.5774560752289","926.9298440979956","258.5806579589844","927.98388671875","[[258.5806579589844, 927.98388671875]]","0","tumor","calibration","gt"
"training_set_metastatic_roi_047:408","training_set_metastatic_roi_047","training_set_metastatic_roi_047","/content/drive/MyDrive/Research/PUMA/PUMA_STAGE2_COLAB/INPUTS/RAW/01_training_dataset_tif_ROIs/training_set_metastatic_roi_047.tif","332.0115190784737","184.19438444924407","333.19354248046875","184.96774291992188","[[333.19354248046875, 184.96774291992188]]","0","tumor","calibration","gt"
"training_set_metastatic_roi_049:226","training_set_metastatic_roi_049","training_set_metastatic_roi_049","/content/drive/MyDrive/Research/PUMA/PUMA_STAGE2_COLAB/INPUTS/RAW/01_training_dataset_tif_ROIs/training_set_metastatic_roi_049.tif","831.378132118451","395.65882055175905","831.2222290039062","394.79998779296875","[[831.2222290039062, 394.79998779296875]]","0","tumor","calibration","gt"
"training_set_primary_roi_009:441","training_set_primary_roi_009","training_set_primary_roi_009","/content/drive/MyDrive/Research/PUMA/PUMA_STAGE2_COLAB/INPUTS/RAW/01_training_dataset_tif_ROIs/training_set_primary_roi_009.tif","962.1355555555556","859.3325925925926","962.1818237304688","859.727294921875","[[962.1818237304688, 859.727294921875]]","0","tumor","calibration","gt"
"training_set_primary_roi_036:235","training_set_primary_roi_036","training_set_primary_roi_036","/content/drive/MyDrive/Research/PUMA/PUMA_STAGE2_COLAB/INPUTS/RAW/01_training_dataset_tif_ROIs/training_set_primary_roi_036.tif","876.7037037037037","435.3059483726151","877.8035888671875","435.75","[[877.8035888671875, 435.75]]","0","tumor","calibration","gt"
"training_set_primary_roi_014:198","training_set_primary_roi_014","training_set_primary_roi_014","/content/drive/MyDrive/Research/PUMA/PUMA_STAGE2_COLAB/INPUTS/RAW/01_training_dataset_tif_ROIs/training_set_primary_roi_014.tif","834.4555329260014","930.4510070151617","833.8360595703125","930.5409545898438","[[833.8360595703125, 930.5409545898438]]","0","tumor","calibration","gt"
"training_set_primary_roi_032:287","training_set_primary_roi_032","training_set_primary_roi_032","/content/drive/MyDrive/Research/PUMA/PUMA_STAGE2_COLAB/INPUTS/RAW/01_training_dataset_tif_ROIs/training_set_primary_roi_032.tif","929.7070566388114","584.72191272052","931.7941284179688","584.11767578125","[[931.7941284179688, 584.11767578125]]","0","tumor","calibration","gt"
"training_set_primary_roi_057:487","training_set_primary_roi_057","training_set_primary_roi_057","/content/drive/MyDrive/Research/PUMA/PUMA_STAGE2_COLAB/INPUTS/RAW/01_training_dataset_tif_ROIs/training_set_primary_roi_057.tif","131.3082771729739","730.6258856056678","131.1999969482422","727.6666870117188","[[131.1999969482422, 727.6666870117188]]","0","tumor","calibration","gt"
"training_set_primary_roi_006:107","training_set_primary_roi_006","training_set_primary_roi_006","/content/drive/MyDrive/Research/PUMA/PUMA_STAGE2_COLAB/INPUTS/RAW/01_training_dataset_tif_ROIs/training_set_primary_roi_006.tif","180.28385416666666","382.734375","180.0","382.5555419921875","[[180.0, 382.5555419921875]]","0","tumor","calibration","gt"
"training_set_metastatic_roi_061:322","training_set_metastatic_roi_061","training_set_metastatic_roi_061","/content/drive/MyDrive/Research/PUMA/PUMA_STAGE2_COLAB/INPUTS/RAW/01_training_dataset_tif_ROIs/training_set_metastatic_roi_061.tif","900.7004566210046","810.6511415525115","899.8421020507812","810.0","[[899.8421020507812, 810.0]]","0","tumor","calibration","gt"
"training_set_primary_roi_034:303","training_set_primary_roi_034","training_set_primary_roi_034","/content/drive/MyDrive/Research/PUMA/PUMA_STAGE2_COLAB/INPUTS/RAW/01_training_dataset_tif_ROIs/training_set_primary_roi_034.tif","253.9410029498525","1005.0924287118977","255.93333435058594","1006.6221923828125","[[255.93333435058594, 1006.6221923828125]]","0","tumor","calibration","gt"
"training_set_primary_roi_029:282","training_set_primary_roi_029","training_set_primary_roi_029","/content/drive/MyDrive/Research/PUMA/PUMA_STAGE2_COLAB/INPUTS/RAW/01_training_dataset_tif_ROIs/training_set_primary_roi_029.tif","375.2104166666667","699.829513888889","376.1219482421875","697.9755859375","[[376.1219482421875, 697.9755859375]]","0","tumor","calibration","gt"
"training_set_primary_roi_064:52","training_set_primary_roi_064","training_set_primary_roi_064","/content/drive/MyDrive/Research/PUMA/PUMA_STAGE2_COLAB/INPUTS/RAW/01_training_dataset_tif_ROIs/training_set_primary_roi_064.tif","743.0275482093664","133.40955004591368","744.258056640625","133.03225708007812","[[744.258056640625, 133.03225708007812]]","0","tumor","calibration","gt"
"training_set_metastatic_roi_067:329","training_set_metastatic_roi_067","training_set_metastatic_roi_067","/content/drive/MyDrive/Research/PUMA/PUMA_STAGE2_COLAB/INPUTS/RAW/01_training_dataset_tif_ROIs/training_set_metastatic_roi_067.tif","211.43546365914787","531.8771929824562","212.022216796875","530.7111206054688","[[212.022216796875, 530.7111206054688]]","0","tumor","calibration","gt"
"training_set_metastatic_roi_081:257","training_set_metastatic_roi_081","training_set_metastatic_roi_081","/content/drive/MyDrive/Research/PUMA/PUMA_STAGE2_COLAB/INPUTS/RAW/01_training_dataset_tif_ROIs/training_set_metastatic_roi_081.tif","481.2740916271722","780.5236966824644","480.5172424316406","780.3103637695312","[[480.5172424316406, 780.3103637695312]]","0","tumor","calibration","gt"
"training_set_primary_roi_020:203","training_set_primary_roi_020","training_set_primary_roi_020","/content/drive/MyDrive/Research/PUMA/PUMA_STAGE2_COLAB/INPUTS/RAW/01_training_dataset_tif_ROIs/training_set_primary_roi_020.tif","901.8302122347067","359.16746923488495","900.5652465820312","358.86956787109375","[[900.5652465820312, 358.86956787109375]]","0","tumor","calibration","gt"
"training_set_primary_roi_075:5","training_set_primary_roi_075","training_set_primary_roi_075","/content/drive/MyDrive/Research/PUMA/PUMA_STAGE2_COLAB/INPUTS/RAW/01_training_dataset_tif_ROIs/training_set_primary_roi_075.tif","760.5563002680965","9.814566577301163","758.066650390625","10.533333778381348","[[758.066650390625, 10.533333778381348]]","0","tumor","calibration","gt"
"training_set_metastatic_roi_032:428","training_set_metastatic_roi_032","training_set_metastatic_roi_032","/content/drive/MyDrive/Research/PUMA/PUMA_STAGE2_COLAB/INPUTS/RAW/01_training_dataset_tif_ROIs/training_set_metastatic_roi_032.tif","732.0106419208034","510.1889405969956","730.3626098632812","508.7732849121094","[[730.3626098632812, 508.7732849121094]]","0","tumor","calibration","gt"
"training_set_primary_roi_024:28","training_set_primary_roi_024","training_set_primary_roi_024","/content/drive/MyDrive/Research/PUMA/PUMA_STAGE2_COLAB/INPUTS/RAW/01_training_dataset_tif_ROIs/training_set_primary_roi_024.tif","947.5253083011228","71.81483526596725","946.2096557617188","71.1451644897461","[[946.2096557617188, 71.1451644897461]]","0","tumor","calibration","gt"
"training_set_metastatic_roi_080:230","training_set_metastatic_roi_080","training_set_metastatic_roi_080","/content/drive/MyDrive/Research/PUMA/PUMA_STAGE2_COLAB/INPUTS/RAW/01_training_dataset_tif_ROIs/training_set_metastatic_roi_080.tif","596.4019873532069","896.3355916892501","597.2105102539062","896.9473876953125","[[597.2105102539062, 896.9473876953125]]","0","tumor","calibration","gt"
"training_set_metastatic_roi_102:52","training_set_metastatic_roi_102","training_set_metastatic_roi_102","/content/drive/MyDrive/Research/PUMA/PUMA_STAGE2_COLAB/INPUTS/RAW/01_training_dataset_tif_ROIs/training_set_metastatic_roi_102.tif","1015.6938775510204","160.45408163265307","1016.9697265625","161.15151977539062","[[1016.9697265625, 161.15151977539062]]","0","tumor","calibration","gt"
"training_set_metastatic_roi_018:113","training_set_metastatic_roi_018","training_set_metastatic_roi_018","/content/drive/MyDrive/Research/PUMA/PUMA_STAGE2_COLAB/INPUTS/RAW/01_training_dataset_tif_ROIs/training_set_metastatic_roi_018.tif","192.4388434756282","703.7882228277324","194.44000244140625","702.1799926757812","[[194.44000244140625, 702.1799926757812]]","0","tumor","calibration","gt"
"training_set_metastatic_roi_029:45","training_set_metastatic_roi_029","training_set_metastatic_roi_029","/content/drive/MyDrive/Research/PUMA/PUMA_STAGE2_COLAB/INPUTS/RAW/01_training_dataset_tif_ROIs/training_set_metastatic_roi_029.tif","425.6401515151515","731.2045454545455","425.4285583496094","729.8928833007812","[[425.4285583496094, 729.8928833007812]]","1","lymphocyte","calibration","gt"
"training_set_primary_roi_036:474","training_set_primary_roi_036","training_set_primary_roi_036","/content/drive/MyDrive/Research/PUMA/PUMA_STAGE2_COLAB/INPUTS/RAW/01_training_dataset_tif_ROIs/training_set_primary_roi_036.tif","120.60549132947978","916.8034682080925","119.75","914.375","[[119.75, 914.375]]","1","lymphocyte","calibration","gt"
"training_set_primary_roi_067:100","training_set_primary_roi_067","training_set_primary_roi_067","/content/drive/MyDrive/Research/PUMA/PUMA_STAGE2_COLAB/INPUTS/RAW/01_training_dataset_tif_ROIs/training_set_primary_roi_067.tif","799.6214317083882","261.09486166007906","798.5555419921875","260.5777893066406","[[798.5555419921875, 260.5777893066406]]","1","lymphocyte","calibration","gt"
"training_set_primary_roi_037:315","training_set_primary_roi_037","training_set_primary_roi_037","/content/drive/MyDrive/Research/PUMA/PUMA_STAGE2_COLAB/INPUTS/RAW/01_training_dataset_tif_ROIs/training_set_primary_roi_037.tif","421.7147766323024","868.4419243986254","421.625","867.5","[[421.625, 867.5]]","1","lymphocyte","calibration","gt"
"training_set_primary_roi_016:267","training_set_primary_roi_016","training_set_primary_roi_016","/content/drive/MyDrive/Research/PUMA/PUMA_STAGE2_COLAB/INPUTS/RAW/01_training_dataset_tif_ROIs/training_set_primary_roi_016.tif","784.1767130345182","365.7480680061824","784.78125","364.65625","[[784.78125, 364.65625]]","1","lymphocyte","calibration","gt"
"training_set_metastatic_roi_081:299","training_set_metastatic_roi_081","training_set_metastatic_roi_081","/content/drive/MyDrive/Research/PUMA/PUMA_STAGE2_COLAB/INPUTS/RAW/01_training_dataset_tif_ROIs/training_set_metastatic_roi_081.tif","265.5817978782803","441.858179787828","267.3793029785156","441.0","[[267.3793029785156, 441.0]]","1","lymphocyte","calibration","gt"
"training_set_metastatic_roi_061:356","training_set_metastatic_roi_061","training_set_metastatic_roi_061","/content/drive/MyDrive/Research/PUMA/PUMA_STAGE2_COLAB/INPUTS/RAW/01_training_dataset_tif_ROIs/training_set_metastatic_roi_061.tif","617.4648829431438","1018.0089186176143","617.6500244140625","1017.1500244140625","[[617.6500244140625, 1017.1500244140625]]","1","lymphocyte","calibration","gt"
"training_set_metastatic_roi_020:129","training_set_metastatic_roi_020","training_set_metastatic_roi_020","/content/drive/MyDrive/Research/PUMA/PUMA_STAGE2_COLAB/INPUTS/RAW/01_training_dataset_tif_ROIs/training_set_metastatic_roi_020.tif","232.85060449050084","684.3842832469775","234.0263214111328","683.368408203125","[[234.0263214111328, 683.368408203125]]","1","lymphocyte","calibration","gt"
"training_set_primary_roi_086:526","training_set_primary_roi_086","training_set_primary_roi_086","/content/drive/MyDrive/Research/PUMA/PUMA_STAGE2_COLAB/INPUTS/RAW/01_training_dataset_tif_ROIs/training_set_primary_roi_086.tif","1020.8965517241379","350.2011494252874","1020.3499755859375","350.04998779296875","[[1020.3499755859375, 350.04998779296875]]","1","lymphocyte","calibration","gt"
"training_set_metastatic_roi_087:56","training_set_metastatic_roi_087","training_set_metastatic_roi_087","/content/drive/MyDrive/Research/PUMA/PUMA_STAGE2_COLAB/INPUTS/RAW/01_training_dataset_tif_ROIs/training_set_metastatic_roi_087.tif","383.2137856758212","189.74421109316103","382.70001220703125","190.625","[[382.70001220703125, 190.625]]","1","lymphocyte","calibration","gt"
"training_set_primary_roi_006:257","training_set_primary_roi_006","training_set_primary_roi_006","/content/drive/MyDrive/Research/PUMA/PUMA_STAGE2_COLAB/INPUTS/RAW/01_training_dataset_tif_ROIs/training_set_primary_roi_006.tif","142.7543265613243","943.796087283672","142.81817626953125","941.5454711914062","[[142.81817626953125, 941.5454711914062]]","1","lymphocyte","calibration","gt"
"training_set_metastatic_roi_067:195","training_set_metastatic_roi_067","training_set_metastatic_roi_067","/content/drive/MyDrive/Research/PUMA/PUMA_STAGE2_COLAB/INPUTS/RAW/01_training_dataset_tif_ROIs/training_set_metastatic_roi_067.tif","203.2728813559322","316.2502824858757","202.56521606445312","316.39129638671875","[[202.56521606445312, 316.39129638671875]]","1","lymphocyte","calibration","gt"
"training_set_metastatic_roi_030:641","training_set_metastatic_roi_030","training_set_metastatic_roi_030","/content/drive/MyDrive/Research/PUMA/PUMA_STAGE2_COLAB/INPUTS/RAW/01_training_dataset_tif_ROIs/training_set_metastatic_roi_030.tif","561.4656862745097","904.4184491978609","561.5277709960938","902.9166870117188","[[561.5277709960938, 902.9166870117188]]","1","lymphocyte","calibration","gt"
"training_set_metastatic_roi_056:296","training_set_metastatic_roi_056","training_set_metastatic_roi_056","/content/drive/MyDrive/Research/PUMA/PUMA_STAGE2_COLAB/INPUTS/RAW/01_training_dataset_tif_ROIs/training_set_metastatic_roi_056.tif","727.0773558368495","85.24613220815752","727.423095703125","84.5","[[727.423095703125, 84.5]]","1","lymphocyte","calibration","gt"
"training_set_metastatic_roi_023:374","training_set_metastatic_roi_023","training_set_metastatic_roi_023","/content/drive/MyDrive/Research/PUMA/PUMA_STAGE2_COLAB/INPUTS/RAW/01_training_dataset_tif_ROIs/training_set_metastatic_roi_023.tif","985.5738169382039","159.37585460113496","986.9667358398438","159.39175415039062","[[986.9667358398438, 159.39175415039062]]","1","lymphocyte","calibration","gt"
"training_set_metastatic_roi_047:19","training_set_metastatic_roi_047","training_set_metastatic_roi_047","/content/drive/MyDrive/Research/PUMA/PUMA_STAGE2_COLAB/INPUTS/RAW/01_training_dataset_tif_ROIs/training_set_metastatic_roi_047.tif","259.69748427672954","245.86603773584906","259.8787841796875","246.78787231445312","[[259.8787841796875, 246.78787231445312]]","1","lymphocyte","calibration","gt"
"training_set_primary_roi_083:476","training_set_primary_roi_083","training_set_primary_roi_083","/content/drive/MyDrive/Research/PUMA/PUMA_STAGE2_COLAB/INPUTS/RAW/01_training_dataset_tif_ROIs/training_set_primary_roi_083.tif","342.85707146426785","664.255372313843","341.68292236328125","663.756103515625","[[341.68292236328125, 663.756103515625]]","1","lymphocyte","calibration","gt"
"training_set_primary_roi_020:55","training_set_primary_roi_020","training_set_primary_roi_020","/content/drive/MyDrive/Research/PUMA/PUMA_STAGE2_COLAB/INPUTS/RAW/01_training_dataset_tif_ROIs/training_set_primary_roi_020.tif","726.3801254220936","87.47226242161119","727.2777709960938","87.33333587646484","[[727.2777709960938, 87.33333587646484]]","1","lymphocyte","calibration","gt"
"training_set_metastatic_roi_076:294","training_set_metastatic_roi_076","training_set_metastatic_roi_076","/content/drive/MyDrive/Research/PUMA/PUMA_STAGE2_COLAB/INPUTS/RAW/01_training_dataset_tif_ROIs/training_set_metastatic_roi_076.tif","1014.7632398753894","884.828660436137","1012.7825927734375","883.7391357421875","[[1012.7825927734375, 883.7391357421875]]","1","lymphocyte","calibration","gt"
"training_set_primary_roi_075:228","training_set_primary_roi_075","training_set_primary_roi_075","/content/drive/MyDrive/Research/PUMA/PUMA_STAGE2_COLAB/INPUTS/RAW/01_training_dataset_tif_ROIs/training_set_primary_roi_075.tif","34.1548137397194","807.8955007256894","34.02325439453125","808.3255615234375","[[34.02325439453125, 808.3255615234375]]","1","lymphocyte","calibration","gt"
"training_set_primary_roi_034:178","training_set_primary_roi_034","training_set_primary_roi_034","/content/drive/MyDrive/Research/PUMA/PUMA_STAGE2_COLAB/INPUTS/RAW/01_training_dataset_tif_ROIs/training_set_primary_roi_034.tif","142.0569762225213","577.2637954239569","141.63636779785156","578.5908813476562","[[141.63636779785156, 578.5908813476562]]","1","lymphocyte","calibration","gt"
"training_set_primary_roi_040:99","training_set_primary_roi_040","training_set_primary_roi_040","/content/drive/MyDrive/Research/PUMA/PUMA_STAGE2_COLAB/INPUTS/RAW/01_training_dataset_tif_ROIs/training_set_primary_roi_040.tif","387.710233029382","261.9827760891591","387.59259033203125","260.5185241699219","[[387.59259033203125, 260.5185241699219]]","1","lymphocyte","calibration","gt"
"training_set_primary_roi_058:242","training_set_primary_roi_058","training_set_primary_roi_058","/content/drive/MyDrive/Research/PUMA/PUMA_STAGE2_COLAB/INPUTS/RAW/01_training_dataset_tif_ROIs/training_set_primary_roi_058.tif","152.74358974358975","740.068376068376","153.11111450195312","738.3333129882812","[[153.11111450195312, 738.3333129882812]]","1","lymphocyte","calibration","gt"
"training_set_primary_roi_052:173","training_set_primary_roi_052","training_set_primary_roi_052","/content/drive/MyDrive/Research/PUMA/PUMA_STAGE2_COLAB/INPUTS/RAW/01_training_dataset_tif_ROIs/training_set_primary_roi_052.tif","767.1729237770193","260.8720136518771","766.0","260.5","[[766.0, 260.5]]","2","plasma_cell","calibration","gt"
"training_set_primary_roi_037:140","training_set_primary_roi_037","training_set_primary_roi_037","/content/drive/MyDrive/Research/PUMA/PUMA_STAGE2_COLAB/INPUTS/RAW/01_training_dataset_tif_ROIs/training_set_primary_roi_037.tif","801.6468253968254","387.64021164021165","800.5","388.0","[[800.5, 388.0]]","2","plasma_cell","calibration","gt"
"training_set_metastatic_roi_046:362","training_set_metastatic_roi_046","training_set_metastatic_roi_046","/content/drive/MyDrive/Research/PUMA/PUMA_STAGE2_COLAB/INPUTS/RAW/01_training_dataset_tif_ROIs/training_set_metastatic_roi_046.tif","931.7651694247439","924.9724192277383","932.2857055664062","925.0","[[932.2857055664062, 925.0]]","2","plasma_cell","calibration","gt"
"training_set_metastatic_roi_067:502","training_set_metastatic_roi_067","training_set_metastatic_roi_067","/content/drive/MyDrive/Research/PUMA/PUMA_STAGE2_COLAB/INPUTS/RAW/01_training_dataset_tif_ROIs/training_set_metastatic_roi_067.tif","467.8057480112907","731.7208108801642","467.8399963378906","731.8400268554688","[[467.8399963378906, 731.8400268554688]]","2","plasma_cell","calibration","gt"
"training_set_metastatic_roi_080:318","training_set_metastatic_roi_080","training_set_metastatic_roi_080","/content/drive/MyDrive/Research/PUMA/PUMA_STAGE2_COLAB/INPUTS/RAW/01_training_dataset_tif_ROIs/training_set_metastatic_roi_080.tif","395.0501234567901","587.8111111111111","393.0408020019531","586.9591674804688","[[393.0408020019531, 586.9591674804688]]","2","plasma_cell","calibration","gt"
"training_set_metastatic_roi_032:283","training_set_metastatic_roi_032","training_set_metastatic_roi_032","/content/drive/MyDrive/Research/PUMA/PUMA_STAGE2_COLAB/INPUTS/RAW/01_training_dataset_tif_ROIs/training_set_metastatic_roi_032.tif","164.64245810055866","848.175667287399","164.61111450195312","848.5555419921875","[[164.61111450195312, 848.5555419921875]]","2","plasma_cell","calibration","gt"
"training_set_primary_roi_029:103","training_set_primary_roi_029","training_set_primary_roi_029","/content/drive/MyDrive/Research/PUMA/PUMA_STAGE2_COLAB/INPUTS/RAW/01_training_dataset_tif_ROIs/training_set_primary_roi_029.tif","416.40821256038646","291.843685300207","416.6600036621094","292.17999267578125","[[416.6600036621094, 292.17999267578125]]","2","plasma_cell","calibration","gt"
"training_set_primary_roi_098:498","training_set_primary_roi_098","training_set_primary_roi_098","/content/drive/MyDrive/Research/PUMA/PUMA_STAGE2_COLAB/INPUTS/RAW/01_training_dataset_tif_ROIs/training_set_primary_roi_098.tif","27.916512059369204","627.3506493506494","25.289474487304688","626.7894897460938","[[25.289474487304688, 626.7894897460938]]","2","plasma_cell","calibration","gt"
"training_set_primary_roi_014:230","training_set_primary_roi_014","training_set_primary_roi_014","/content/drive/MyDrive/Research/PUMA/PUMA_STAGE2_COLAB/INPUTS/RAW/01_training_dataset_tif_ROIs/training_set_primary_roi_014.tif","100.95482006829525","646.3112687155241","104.81818389892578","644.9318237304688","[[104.81818389892578, 644.9318237304688]]","2","plasma_cell","calibration","gt"
"training_set_metastatic_roi_047:117","training_set_metastatic_roi_047","training_set_metastatic_roi_047","/content/drive/MyDrive/Research/PUMA/PUMA_STAGE2_COLAB/INPUTS/RAW/01_training_dataset_tif_ROIs/training_set_metastatic_roi_047.tif","685.1233993015134","151.7500970120295","683.5454711914062","152.5757598876953","[[683.5454711914062, 152.5757598876953]]","2","plasma_cell","calibration","gt"
"training_set_metastatic_roi_030:726","training_set_metastatic_roi_030","training_set_metastatic_roi_030","/content/drive/MyDrive/Research/PUMA/PUMA_STAGE2_COLAB/INPUTS/RAW/01_training_dataset_tif_ROIs/training_set_metastatic_roi_030.tif","414.9817089744086","32.75065057034712","409.2762756347656","32.347713470458984","[[409.2762756347656, 32.347713470458984]]","2","plasma_cell","calibration","gt"
"training_set_metastatic_roi_002:308","training_set_metastatic_roi_002","training_set_metastatic_roi_002","/content/drive/MyDrive/Research/PUMA/PUMA_STAGE2_COLAB/INPUTS/RAW/01_training_dataset_tif_ROIs/training_set_metastatic_roi_002.tif","831.8846064003737","877.7486568558747","832.2444458007812","877.8444213867188","[[832.2444458007812, 877.8444213867188]]","2","plasma_cell","calibration","gt"
"training_set_primary_roi_091:252","training_set_primary_roi_091","training_set_primary_roi_091","/content/drive/MyDrive/Research/PUMA/PUMA_STAGE2_COLAB/INPUTS/RAW/01_training_dataset_tif_ROIs/training_set_primary_roi_091.tif","342.5653472740851","355.3761513567339","342.1538391113281","355.2884521484375","[[342.1538391113281, 355.2884521484375]]","2","plasma_cell","calibration","gt"
"training_set_primary_roi_068:247","training_set_primary_roi_068","training_set_primary_roi_068","/content/drive/MyDrive/Research/PUMA/PUMA_STAGE2_COLAB/INPUTS/RAW/01_training_dataset_tif_ROIs/training_set_primary_roi_068.tif","764.9666269368296","593.4823202224871","765.111083984375","593.638916015625","[[765.111083984375, 593.638916015625]]","2","plasma_cell","calibration","gt"
"training_set_primary_roi_052:130","training_set_primary_roi_052","training_set_primary_roi_052","/content/drive/MyDrive/Research/PUMA/PUMA_STAGE2_COLAB/INPUTS/RAW/01_training_dataset_tif_ROIs/training_set_primary_roi_052.tif","37.5475751995089","203.14732965009208","37.25","201.875","[[37.25, 201.875]]","2","plasma_cell","calibration","gt"
"training_set_metastatic_roi_067:379","training_set_metastatic_roi_067","training_set_metastatic_roi_067","/content/drive/MyDrive/Research/PUMA/PUMA_STAGE2_COLAB/INPUTS/RAW/01_training_dataset_tif_ROIs/training_set_metastatic_roi_067.tif","971.9173489278753","579.9235867446394","972.3428344726562","580.6857299804688","[[972.3428344726562, 580.6857299804688]]","2","plasma_cell","calibration","gt"
"training_set_metastatic_roi_080:297","training_set_metastatic_roi_080","training_set_metastatic_roi_080","/content/drive/MyDrive/Research/PUMA/PUMA_STAGE2_COLAB/INPUTS/RAW/01_training_dataset_tif_ROIs/training_set_metastatic_roi_080.tif","210.34292106104186","645.9613294982422","210.18333435058594","644.433349609375","[[210.18333435058594, 644.433349609375]]","2","plasma_cell","calibration","gt"
"training_set_metastatic_roi_032:293","training_set_metastatic_roi_032","training_set_metastatic_roi_032","/content/drive/MyDrive/Research/PUMA/PUMA_STAGE2_COLAB/INPUTS/RAW/01_training_dataset_tif_ROIs/training_set_metastatic_roi_032.tif","65.14434060228453","875.9091381100726","66.16216278076172","877.1351318359375","[[66.16216278076172, 877.1351318359375]]","2","plasma_cell","calibration","gt"
"training_set_primary_roi_014:141","training_set_primary_roi_014","training_set_primary_roi_014","/content/drive/MyDrive/Research/PUMA/PUMA_STAGE2_COLAB/INPUTS/RAW/01_training_dataset_tif_ROIs/training_set_primary_roi_014.tif","14.045528455284554","673.7150406504065","13.307692527770996","674.5897216796875","[[13.307692527770996, 674.5897216796875]]","3","histiocyte","calibration","gt"
"training_set_metastatic_roi_093:449","training_set_metastatic_roi_093","training_set_metastatic_roi_093","/content/drive/MyDrive/Research/PUMA/PUMA_STAGE2_COLAB/INPUTS/RAW/01_training_dataset_tif_ROIs/training_set_metastatic_roi_093.tif","562.9472035794183","441.28411633109624","563.7948608398438","440.5128173828125","[[563.7948608398438, 440.5128173828125]]","3","histiocyte","calibration","gt"
"training_set_primary_roi_052:285","training_set_primary_roi_052","training_set_primary_roi_052","/content/drive/MyDrive/Research/PUMA/PUMA_STAGE2_COLAB/INPUTS/RAW/01_training_dataset_tif_ROIs/training_set_primary_roi_052.tif","358.2555438225977","451.17212249208023","358.5","450.5714416503906","[[358.5, 450.5714416503906]]","3","histiocyte","calibration","gt"
"training_set_primary_roi_058:284","training_set_primary_roi_058","training_set_primary_roi_058","/content/drive/MyDrive/Research/PUMA/PUMA_STAGE2_COLAB/INPUTS/RAW/01_training_dataset_tif_ROIs/training_set_primary_roi_058.tif","968.2588134135856","813.8905130409859","970.1738891601562","813.521728515625","[[970.1738891601562, 813.521728515625]]","3","histiocyte","calibration","gt"
"training_set_primary_roi_029:55","training_set_primary_roi_029","training_set_primary_roi_029","/content/drive/MyDrive/Research/PUMA/PUMA_STAGE2_COLAB/INPUTS/RAW/01_training_dataset_tif_ROIs/training_set_primary_roi_029.tif","803.0463851567499","158.02431222008957","803.15625","160.71875","[[803.15625, 160.71875]]","3","histiocyte","calibration","gt"
"training_set_primary_roi_098:386","training_set_primary_roi_098","training_set_primary_roi_098","/content/drive/MyDrive/Research/PUMA/PUMA_STAGE2_COLAB/INPUTS/RAW/01_training_dataset_tif_ROIs/training_set_primary_roi_098.tif","804.4202898550725","155.20169082125602","805.15625","154.1875","[[805.15625, 154.1875]]","3","histiocyte","calibration","gt"
"training_set_primary_roi_040:141","training_set_primary_roi_040","training_set_primary_roi_040","/content/drive/MyDrive/Research/PUMA/PUMA_STAGE2_COLAB/INPUTS/RAW/01_training_dataset_tif_ROIs/training_set_primary_roi_040.tif","1006.2916093535075","373.77028885832186","1007.0","375.3721008300781","[[1007.0, 375.3721008300781]]","3","histiocyte","calibration","gt"
"training_set_primary_roi_064:180","training_set_primary_roi_064","training_set_primary_roi_064","/content/drive/MyDrive/Research/PUMA/PUMA_STAGE2_COLAB/INPUTS/RAW/01_training_dataset_tif_ROIs/training_set_primary_roi_064.tif","377.6755634638197","446.9033214709371","377.92498779296875","446.0","[[377.92498779296875, 446.0]]","3","histiocyte","calibration","gt"
"training_set_primary_roi_067:97","training_set_primary_roi_067","training_set_primary_roi_067","/content/drive/MyDrive/Research/PUMA/PUMA_STAGE2_COLAB/INPUTS/RAW/01_training_dataset_tif_ROIs/training_set_primary_roi_067.tif","835.4732732732733","248.11591591591593","835.9705810546875","246.23529052734375","[[835.9705810546875, 246.23529052734375]]","3","histiocyte","calibration","gt"
"training_set_metastatic_roi_080:140","training_set_metastatic_roi_080","training_set_metastatic_roi_080","/content/drive/MyDrive/Research/PUMA/PUMA_STAGE2_COLAB/INPUTS/RAW/01_training_dataset_tif_ROIs/training_set_metastatic_roi_080.tif","528.2080309627479","622.6086115142718","527.6153564453125","621.7179565429688","[[527.6153564453125, 621.7179565429688]]","3","histiocyte","calibration","gt"
"training_set_primary_roi_010:72","training_set_primary_roi_010","training_set_primary_roi_010","/content/drive/MyDrive/Research/PUMA/PUMA_STAGE2_COLAB/INPUTS/RAW/01_training_dataset_tif_ROIs/training_set_primary_roi_010.tif","25.534751773049646","149.834609929078","24.5","146.875","[[24.5, 146.875]]","3","histiocyte","calibration","gt"
"training_set_primary_roi_016:129","training_set_primary_roi_016","training_set_primary_roi_016","/content/drive/MyDrive/Research/PUMA/PUMA_STAGE2_COLAB/INPUTS/RAW/01_training_dataset_tif_ROIs/training_set_primary_roi_016.tif","183.48663853727146","163.05537974683546","178.8095245361328","161.4920654296875","[[178.8095245361328, 161.4920654296875]]","3","histiocyte","calibration","gt"
"training_set_primary_roi_020:383","training_set_primary_roi_020","training_set_primary_roi_020","/content/drive/MyDrive/Research/PUMA/PUMA_STAGE2_COLAB/INPUTS/RAW/01_training_dataset_tif_ROIs/training_set_primary_roi_020.tif","249.4986842105263","809.6706140350876","249.63888549804688","811.0","[[249.63888549804688, 811.0]]","3","histiocyte","calibration","gt"
"training_set_primary_roi_012:177","training_set_primary_roi_012","training_set_primary_roi_012","/content/drive/MyDrive/Research/PUMA/PUMA_STAGE2_COLAB/INPUTS/RAW/01_training_dataset_tif_ROIs/training_set_primary_roi_012.tif","845.6861381548448","586.8567454798331","845.90625","586.875","[[845.90625, 586.875]]","3","histiocyte","calibration","gt"
"training_set_primary_roi_068:433","training_set_primary_roi_068","training_set_primary_roi_068","/content/drive/MyDrive/Research/PUMA/PUMA_STAGE2_COLAB/INPUTS/RAW/01_training_dataset_tif_ROIs/training_set_primary_roi_068.tif","897.9385699899295","973.4428499496474","896.739990234375","972.8400268554688","[[896.739990234375, 972.8400268554688]]","3","histiocyte","calibration","gt"
"training_set_primary_roi_086:67","training_set_primary_roi_086","training_set_primary_roi_086","/content/drive/MyDrive/Research/PUMA/PUMA_STAGE2_COLAB/INPUTS/RAW/01_training_dataset_tif_ROIs/training_set_primary_roi_086.tif","419.5152684024429","712.2844744455159","419.48779296875","712.780517578125","[[419.48779296875, 712.780517578125]]","3","histiocyte","calibration","gt"
"training_set_primary_roi_057:163","training_set_primary_roi_057","training_set_primary_roi_057","/content/drive/MyDrive/Research/PUMA/PUMA_STAGE2_COLAB/INPUTS/RAW/01_training_dataset_tif_ROIs/training_set_primary_roi_057.tif","507.2554721701064","318.3130081300813","506.30767822265625","317.3846130371094","[[506.30767822265625, 317.3846130371094]]","3","histiocyte","calibration","gt"
"training_set_primary_roi_062:352","training_set_primary_roi_062","training_set_primary_roi_062","/content/drive/MyDrive/Research/PUMA/PUMA_STAGE2_COLAB/INPUTS/RAW/01_training_dataset_tif_ROIs/training_set_primary_roi_062.tif","733.4234741784038","688.999530516432","733.3103637695312","688.3448486328125","[[733.3103637695312, 688.3448486328125]]","3","histiocyte","calibration","gt"
"training_set_primary_roi_064:144","training_set_primary_roi_064","training_set_primary_roi_064","/content/drive/MyDrive/Research/PUMA/PUMA_STAGE2_COLAB/INPUTS/RAW/01_training_dataset_tif_ROIs/training_set_primary_roi_064.tif","624.663963963964","341.3822072072072","625.1964111328125","340.5714416503906","[[625.1964111328125, 340.5714416503906]]","4","melanophage","calibration","gt"
"training_set_primary_roi_012:306","training_set_primary_roi_012","training_set_primary_roi_012","/content/drive/MyDrive/Research/PUMA/PUMA_STAGE2_COLAB/INPUTS/RAW/01_training_dataset_tif_ROIs/training_set_primary_roi_012.tif","778.4125098970704","864.5700712589073","779.0277709960938","863.0277709960938","[[779.0277709960938, 863.0277709960938]]","4","melanophage","calibration","gt"
"training_set_primary_roi_032:377","training_set_primary_roi_032","training_set_primary_roi_032","/content/drive/MyDrive/Research/PUMA/PUMA_STAGE2_COLAB/INPUTS/RAW/01_training_dataset_tif_ROIs/training_set_primary_roi_032.tif","213.1873840445269","917.4557823129252","213.25","917.5833129882812","[[213.25, 917.5833129882812]]","4","melanophage","calibration","gt"
"training_set_metastatic_roi_080:288","training_set_metastatic_roi_080","training_set_metastatic_roi_080","/content/drive/MyDrive/Research/PUMA/PUMA_STAGE2_COLAB/INPUTS/RAW/01_training_dataset_tif_ROIs/training_set_metastatic_roi_080.tif","268.94926253687316","893.2377581120944","267.8648681640625","892.7567749023438","[[267.8648681640625, 892.7567749023438]]","4","melanophage","calibration","gt"
"training_set_primary_roi_075:72","training_set_primary_roi_075","training_set_primary_roi_075","/content/drive/MyDrive/Research/PUMA/PUMA_STAGE2_COLAB/INPUTS/RAW/01_training_dataset_tif_ROIs/training_set_primary_roi_075.tif","316.93793103448274","251.68122605363985","316.9375","251.03125","[[316.9375, 251.03125]]","4","melanophage","calibration","gt"
"training_set_primary_roi_014:203","training_set_primary_roi_014","training_set_primary_roi_014","/content/drive/MyDrive/Research/PUMA/PUMA_STAGE2_COLAB/INPUTS/RAW/01_training_dataset_tif_ROIs/training_set_primary_roi_014.tif","25.814952806756082","939.4860904123199","26.438596725463867","939.614013671875","[[26.438596725463867, 939.614013671875]]","4","melanophage","calibration","gt"
"training_set_primary_roi_040:192","training_set_primary_roi_040","training_set_primary_roi_040","/content/drive/MyDrive/Research/PUMA/PUMA_STAGE2_COLAB/INPUTS/RAW/01_training_dataset_tif_ROIs/training_set_primary_roi_040.tif","612.6862017804154","516.6513353115727","613.2884521484375","519.6346435546875","[[613.2884521484375, 519.6346435546875]]","4","melanophage","calibration","gt"
"training_set_metastatic_roi_020:154","training_set_metastatic_roi_020","training_set_metastatic_roi_020","/content/drive/MyDrive/Research/PUMA/PUMA_STAGE2_COLAB/INPUTS/RAW/01_training_dataset_tif_ROIs/training_set_metastatic_roi_020.tif","160.98047828208882","751.3733528550513","161.64102172851562","750.3846435546875","[[161.64102172851562, 750.3846435546875]]","4","melanophage","calibration","gt"
"training_set_primary_roi_082:186","training_set_primary_roi_082","training_set_primary_roi_082","/content/drive/MyDrive/Research/PUMA/PUMA_STAGE2_COLAB/INPUTS/RAW/01_training_dataset_tif_ROIs/training_set_primary_roi_082.tif","425.6275303643725","171.10728744939271","425.89654541015625","170.65516662597656","[[425.89654541015625, 170.65516662597656]]","4","melanophage","calibration","gt"
"training_set_primary_roi_037:197","training_set_primary_roi_037","training_set_primary_roi_037","/content/drive/MyDrive/Research/PUMA/PUMA_STAGE2_COLAB/INPUTS/RAW/01_training_dataset_tif_ROIs/training_set_primary_roi_037.tif","844.8352941176471","544.7942959001783","844.8367309570312","545.3877563476562","[[844.8367309570312, 545.3877563476562]]","4","melanophage","calibration","gt"
"training_set_metastatic_roi_049:304","training_set_metastatic_roi_049","training_set_metastatic_roi_049","/content/drive/MyDrive/Research/PUMA/PUMA_STAGE2_COLAB/INPUTS/RAW/01_training_dataset_tif_ROIs/training_set_metastatic_roi_049.tif","444.3188097768332","356.34856535600426","442.25714111328125","356.3999938964844","[[442.25714111328125, 356.3999938964844]]","4","melanophage","calibration","gt"
"training_set_primary_roi_006:252","training_set_primary_roi_006","training_set_primary_roi_006","/content/drive/MyDrive/Research/PUMA/PUMA_STAGE2_COLAB/INPUTS/RAW/01_training_dataset_tif_ROIs/training_set_primary_roi_006.tif","169.673801369863","903.8242009132421","167.76470947265625","903.0","[[167.76470947265625, 903.0]]","4","melanophage","calibration","gt"
"training_set_primary_roi_034:314","training_set_primary_roi_034","training_set_primary_roi_034","/content/drive/MyDrive/Research/PUMA/PUMA_STAGE2_COLAB/INPUTS/RAW/01_training_dataset_tif_ROIs/training_set_primary_roi_034.tif","570.6701813426612","318.8508589566076","572.719482421875","320.7803649902344","[[572.719482421875, 320.7803649902344]]","4","melanophage","calibration","gt"
"training_set_primary_roi_010:366","training_set_primary_roi_010","training_set_primary_roi_010","/content/drive/MyDrive/Research/PUMA/PUMA_STAGE2_COLAB/INPUTS/RAW/01_training_dataset_tif_ROIs/training_set_primary_roi_010.tif","601.3123399897593","779.5847414234511","604.5294189453125","778.7647094726562","[[604.5294189453125, 778.7647094726562]]","4","melanophage","calibration","gt"
"training_set_primary_roi_016:542","training_set_primary_roi_016","training_set_primary_roi_016","/content/drive/MyDrive/Research/PUMA/PUMA_STAGE2_COLAB/INPUTS/RAW/01_training_dataset_tif_ROIs/training_set_primary_roi_016.tif","900.1511922881787","855.0537798072045","900.1795043945312","854.6153564453125","[[900.1795043945312, 854.6153564453125]]","4","melanophage","calibration","gt"
"training_set_primary_roi_083:561","training_set_primary_roi_083","training_set_primary_roi_083","/content/drive/MyDrive/Research/PUMA/PUMA_STAGE2_COLAB/INPUTS/RAW/01_training_dataset_tif_ROIs/training_set_primary_roi_083.tif","906.6862922705313","794.2032004830918","906.3636474609375","793.727294921875","[[906.3636474609375, 793.727294921875]]","4","melanophage","calibration","gt"
"training_set_primary_roi_062:227","training_set_primary_roi_062","training_set_primary_roi_062","/content/drive/MyDrive/Research/PUMA/PUMA_STAGE2_COLAB/INPUTS/RAW/01_training_dataset_tif_ROIs/training_set_primary_roi_062.tif","499.99584929757344","413.4891443167305","499.4042663574219","414.2765808105469","[[499.4042663574219, 414.2765808105469]]","4","melanophage","calibration","gt"
"training_set_primary_roi_068:367","training_set_primary_roi_068","training_set_primary_roi_068","/content/drive/MyDrive/Research/PUMA/PUMA_STAGE2_COLAB/INPUTS/RAW/01_training_dataset_tif_ROIs/training_set_primary_roi_068.tif","396.29515938606846","841.3903974813065","396.89190673828125","838.9729614257812","[[396.89190673828125, 838.9729614257812]]","4","melanophage","calibration","gt"
"training_set_primary_roi_057:203","training_set_primary_roi_057","training_set_primary_roi_057","/content/drive/MyDrive/Research/PUMA/PUMA_STAGE2_COLAB/INPUTS/RAW/01_training_dataset_tif_ROIs/training_set_primary_roi_057.tif","39.08228730822873","377.768479776848","38.41666793823242","375.9166564941406","[[38.41666793823242, 375.9166564941406]]","5","neutrophil","calibration","gt"
"training_set_metastatic_roi_061:275","training_set_metastatic_roi_061","training_set_metastatic_roi_061","/content/drive/MyDrive/Research/PUMA/PUMA_STAGE2_COLAB/INPUTS/RAW/01_training_dataset_tif_ROIs/training_set_metastatic_roi_061.tif","955.9483122362869","164.55643459915612","955.3235473632812","164.61764526367188","[[955.3235473632812, 164.61764526367188]]","5","neutrophil","calibration","gt"
"training_set_primary_roi_052:654","training_set_primary_roi_052","training_set_primary_roi_052","/content/drive/MyDrive/Research/PUMA/PUMA_STAGE2_COLAB/INPUTS/RAW/01_training_dataset_tif_ROIs/training_set_primary_roi_052.tif","615.9597075495966","161.93958238536004","614.096923828125","162.2769317626953","[[614.096923828125, 162.2769317626953]]","5","neutrophil","calibration","gt"
"training_set_primary_roi_083:640","training_set_primary_roi_083","training_set_primary_roi_083","/content/drive/MyDrive/Research/PUMA/PUMA_STAGE2_COLAB/INPUTS/RAW/01_training_dataset_tif_ROIs/training_set_primary_roi_083.tif","868.4217831098565","903.9341331451424","868.2978515625","904.8297729492188","[[868.2978515625, 904.8297729492188]]","5","neutrophil","calibration","gt"
"training_set_metastatic_roi_018:123","training_set_metastatic_roi_018","training_set_metastatic_roi_018","/content/drive/MyDrive/Research/PUMA/PUMA_STAGE2_COLAB/INPUTS/RAW/01_training_dataset_tif_ROIs/training_set_metastatic_roi_018.tif","416.6528138528139","913.6424242424242","415.1785583496094","913.75","[[415.1785583496094, 913.75]]","5","neutrophil","calibration","gt"
"training_set_metastatic_roi_056:280","training_set_metastatic_roi_056","training_set_metastatic_roi_056","/content/drive/MyDrive/Research/PUMA/PUMA_STAGE2_COLAB/INPUTS/RAW/01_training_dataset_tif_ROIs/training_set_metastatic_roi_056.tif","472.7267441860465","516.2819767441861","472.2592468261719","515.9629516601562","[[472.2592468261719, 515.9629516601562]]","5","neutrophil","calibration","gt"
"training_set_primary_roi_068:32","training_set_primary_roi_068","training_set_primary_roi_068","/content/drive/MyDrive/Research/PUMA/PUMA_STAGE2_COLAB/INPUTS/RAW/01_training_dataset_tif_ROIs/training_set_primary_roi_068.tif","615.920041536864","53.49221183800623","615.0","52.894737243652344","[[615.0, 52.894737243652344]]","5","neutrophil","calibration","gt"
"training_set_primary_roi_082:232","training_set_primary_roi_082","training_set_primary_roi_082","/content/drive/MyDrive/Research/PUMA/PUMA_STAGE2_COLAB/INPUTS/RAW/01_training_dataset_tif_ROIs/training_set_primary_roi_082.tif","836.8672654690619","468.36526946107784","836.3636474609375","469.0","[[836.3636474609375, 469.0]]","5","neutrophil","calibration","gt"
"training_set_metastatic_roi_046:19","training_set_metastatic_roi_046","training_set_metastatic_roi_046","/content/drive/MyDrive/Research/PUMA/PUMA_STAGE2_COLAB/INPUTS/RAW/01_training_dataset_tif_ROIs/training_set_metastatic_roi_046.tif","45.00833333333333","38.6775641025641","44.92683029174805","39.73170852661133","[[44.92683029174805, 39.73170852661133]]","5","neutrophil","calibration","gt"
"training_set_primary_roi_057:648","training_set_primary_roi_057","training_set_primary_roi_057","/content/drive/MyDrive/Research/PUMA/PUMA_STAGE2_COLAB/INPUTS/RAW/01_training_dataset_tif_ROIs/training_set_primary_roi_057.tif","12.182853077196727","395.2283884738527","12.285714149475098","393.5","[[12.285714149475098, 393.5]]","5","neutrophil","calibration","gt"
"training_set_metastatic_roi_061:215","training_set_metastatic_roi_061","training_set_metastatic_roi_061","/content/drive/MyDrive/Research/PUMA/PUMA_STAGE2_COLAB/INPUTS/RAW/01_training_dataset_tif_ROIs/training_set_metastatic_roi_061.tif","856.5982192543128","328.7623817473567","855.888916015625","328.370361328125","[[855.888916015625, 328.370361328125]]","5","neutrophil","calibration","gt"
"training_set_primary_roi_052:211","training_set_primary_roi_052","training_set_primary_roi_052","/content/drive/MyDrive/Research/PUMA/PUMA_STAGE2_COLAB/INPUTS/RAW/01_training_dataset_tif_ROIs/training_set_primary_roi_052.tif","901.9372043010753","327.3896774193548","901.3571166992188","327.5714416503906","[[901.3571166992188, 327.5714416503906]]","5","neutrophil","calibration","gt"
"training_set_metastatic_roi_018:134","training_set_metastatic_roi_018","training_set_metastatic_roi_018","/content/drive/MyDrive/Research/PUMA/PUMA_STAGE2_COLAB/INPUTS/RAW/01_training_dataset_tif_ROIs/training_set_metastatic_roi_018.tif","707.945715567519","349.4751009421265","709.0357055664062","349.96429443359375","[[709.0357055664062, 349.96429443359375]]","5","neutrophil","calibration","gt"
"training_set_metastatic_roi_056:210","training_set_metastatic_roi_056","training_set_metastatic_roi_056","/content/drive/MyDrive/Research/PUMA/PUMA_STAGE2_COLAB/INPUTS/RAW/01_training_dataset_tif_ROIs/training_set_metastatic_roi_056.tif","945.1845056065239","307.3267074413863","946.3713989257812","308.05712890625","[[946.3713989257812, 308.05712890625]]","5","neutrophil","calibration","gt"
"training_set_primary_roi_082:230","training_set_primary_roi_082","training_set_primary_roi_082","/content/drive/MyDrive/Research/PUMA/PUMA_STAGE2_COLAB/INPUTS/RAW/01_training_dataset_tif_ROIs/training_set_primary_roi_082.tif","922.409055296391","518.3426918197256","923.2981567382812","518.4297485351562","[[923.2981567382812, 518.4297485351562]]","5","neutrophil","calibration","gt"
"training_set_metastatic_roi_046:414","training_set_metastatic_roi_046","training_set_metastatic_roi_046","/content/drive/MyDrive/Research/PUMA/PUMA_STAGE2_COLAB/INPUTS/RAW/01_training_dataset_tif_ROIs/training_set_metastatic_roi_046.tif","75.88712776176753","681.8040345821325","76.625","680.9583129882812","[[76.625, 680.9583129882812]]","5","neutrophil","calibration","gt"
"training_set_primary_roi_057:182","training_set_primary_roi_057","training_set_primary_roi_057","/content/drive/MyDrive/Research/PUMA/PUMA_STAGE2_COLAB/INPUTS/RAW/01_training_dataset_tif_ROIs/training_set_primary_roi_057.tif","71.73425366695427","350.74892148403796","70.33333587646484","348.8333435058594","[[70.33333587646484, 348.8333435058594]]","5","neutrophil","calibration","gt"
"training_set_metastatic_roi_061:360","training_set_metastatic_roi_061","training_set_metastatic_roi_061","/content/drive/MyDrive/Research/PUMA/PUMA_STAGE2_COLAB/INPUTS/RAW/01_training_dataset_tif_ROIs/training_set_metastatic_roi_061.tif","902.9177489177489","108.35108225108225","902.5890502929688","108.6986312866211","[[902.5890502929688, 108.6986312866211], [889.5999755859375, 117.5999984741211]]","5","neutrophil","calibration","gt"
"training_set_primary_roi_024:326","training_set_primary_roi_024","training_set_primary_roi_024","/content/drive/MyDrive/Research/PUMA/PUMA_STAGE2_COLAB/INPUTS/RAW/01_training_dataset_tif_ROIs/training_set_primary_roi_024.tif","512.8542830540038","689.0581936685289","511.9142761230469","688.7714233398438","[[511.9142761230469, 688.7714233398438]]","6","stroma","calibration","gt"
"training_set_primary_roi_096:9","training_set_primary_roi_096","training_set_primary_roi_096","/content/drive/MyDrive/Research/PUMA/PUMA_STAGE2_COLAB/INPUTS/RAW/01_training_dataset_tif_ROIs/training_set_primary_roi_096.tif","807.5660066006601","13.32013201320132","806.888916015625","13.333333015441895","[[806.888916015625, 13.333333015441895]]","6","stroma","calibration","gt"
"training_set_primary_roi_086:443","training_set_primary_roi_086","training_set_primary_roi_086","/content/drive/MyDrive/Research/PUMA/PUMA_STAGE2_COLAB/INPUTS/RAW/01_training_dataset_tif_ROIs/training_set_primary_roi_086.tif","878.390134529148","88.24215246636771","878.1290283203125","88.16129302978516","[[878.1290283203125, 88.16129302978516]]","6","stroma","calibration","gt"
"training_set_primary_roi_040:260","training_set_primary_roi_040","training_set_primary_roi_040","/content/drive/MyDrive/Research/PUMA/PUMA_STAGE2_COLAB/INPUTS/RAW/01_training_dataset_tif_ROIs/training_set_primary_roi_040.tif","812.7461059190032","642.1152647975078","812.0943603515625","641.0755004882812","[[812.0943603515625, 641.0755004882812]]","6","stroma","calibration","gt"
"training_set_primary_roi_029:383","training_set_primary_roi_029","training_set_primary_roi_029","/content/drive/MyDrive/Research/PUMA/PUMA_STAGE2_COLAB/INPUTS/RAW/01_training_dataset_tif_ROIs/training_set_primary_roi_029.tif","196.8970760233918","982.8222222222222","198.47727966308594","982.0908813476562","[[198.47727966308594, 982.0908813476562]]","6","stroma","calibration","gt"
"training_set_primary_roi_022:224","training_set_primary_roi_022","training_set_primary_roi_022","/content/drive/MyDrive/Research/PUMA/PUMA_STAGE2_COLAB/INPUTS/RAW/01_training_dataset_tif_ROIs/training_set_primary_roi_022.tif","87.65968992248061","613.077519379845","87.26667022705078","612.566650390625","[[87.26667022705078, 612.566650390625]]","6","stroma","calibration","gt"
"training_set_primary_roi_034:293","training_set_primary_roi_034","training_set_primary_roi_034","/content/drive/MyDrive/Research/PUMA/PUMA_STAGE2_COLAB/INPUTS/RAW/01_training_dataset_tif_ROIs/training_set_primary_roi_034.tif","729.78165374677","956.5051679586563","729.7000122070312","954.6666870117188","[[729.7000122070312, 954.6666870117188]]","6","stroma","calibration","gt"
"training_set_primary_roi_014:19","training_set_primary_roi_014","training_set_primary_roi_014","/content/drive/MyDrive/Research/PUMA/PUMA_STAGE2_COLAB/INPUTS/RAW/01_training_dataset_tif_ROIs/training_set_primary_roi_014.tif","340.3147474747475","67.37777777777778","341.7674560546875","66.5813980102539","[[341.7674560546875, 66.5813980102539]]","6","stroma","calibration","gt"
"training_set_primary_roi_009:292","training_set_primary_roi_009","training_set_primary_roi_009","/content/drive/MyDrive/Research/PUMA/PUMA_STAGE2_COLAB/INPUTS/RAW/01_training_dataset_tif_ROIs/training_set_primary_roi_009.tif","671.6175989532221","583.5096499836442","674.3076782226562","582.6923217773438","[[674.3076782226562, 582.6923217773438]]","6","stroma","calibration","gt"
"training_set_primary_roi_052:523","training_set_primary_roi_052","training_set_primary_roi_052","/content/drive/MyDrive/Research/PUMA/PUMA_STAGE2_COLAB/INPUTS/RAW/01_training_dataset_tif_ROIs/training_set_primary_roi_052.tif","946.010264721772","869.3025391680172","947.058837890625","868.7647094726562","[[947.058837890625, 868.7647094726562]]","6","stroma","calibration","gt"
"training_set_metastatic_roi_040:294","training_set_metastatic_roi_040","training_set_metastatic_roi_040","/content/drive/MyDrive/Research/PUMA/PUMA_STAGE2_COLAB/INPUTS/RAW/01_training_dataset_tif_ROIs/training_set_metastatic_roi_040.tif","540.9632144878325","956.8794567062819","541.1961059570312","955.8627319335938","[[541.1961059570312, 955.8627319335938]]","6","stroma","calibration","gt"
"training_set_primary_roi_058:137","training_set_primary_roi_058","training_set_primary_roi_058","/content/drive/MyDrive/Research/PUMA/PUMA_STAGE2_COLAB/INPUTS/RAW/01_training_dataset_tif_ROIs/training_set_primary_roi_058.tif","152.24493554327807","499.902394106814","151.88888549804688","499.22222900390625","[[151.88888549804688, 499.22222900390625]]","6","stroma","calibration","gt"
"training_set_primary_roi_057:621","training_set_primary_roi_057","training_set_primary_roi_057","/content/drive/MyDrive/Research/PUMA/PUMA_STAGE2_COLAB/INPUTS/RAW/01_training_dataset_tif_ROIs/training_set_primary_roi_057.tif","832.8929269245799","982.7862446268073","833.7142944335938","983.4285888671875","[[833.7142944335938, 983.4285888671875]]","6","stroma","calibration","gt"
"training_set_metastatic_roi_046:379","training_set_metastatic_roi_046","training_set_metastatic_roi_046","/content/drive/MyDrive/Research/PUMA/PUMA_STAGE2_COLAB/INPUTS/RAW/01_training_dataset_tif_ROIs/training_set_metastatic_roi_046.tif","339.79002624671915","969.496062992126","340.0","968.0625","[[340.0, 968.0625]]","6","stroma","calibration","gt"
"training_set_metastatic_roi_087:519","training_set_metastatic_roi_087","training_set_metastatic_roi_087","/content/drive/MyDrive/Research/PUMA/PUMA_STAGE2_COLAB/INPUTS/RAW/01_training_dataset_tif_ROIs/training_set_metastatic_roi_087.tif","61.82061579651941","200.82061579651943","62.03845977783203","199.96153259277344","[[62.03845977783203, 199.96153259277344]]","6","stroma","calibration","gt"
"training_set_metastatic_roi_080:37","training_set_metastatic_roi_080","training_set_metastatic_roi_080","/content/drive/MyDrive/Research/PUMA/PUMA_STAGE2_COLAB/INPUTS/RAW/01_training_dataset_tif_ROIs/training_set_metastatic_roi_080.tif","148.9293172690763","193.00401606425703","149.72413635253906","191.9310302734375","[[149.72413635253906, 191.9310302734375]]","6","stroma","calibration","gt"
"training_set_metastatic_roi_030:643","training_set_metastatic_roi_030","training_set_metastatic_roi_030","/content/drive/MyDrive/Research/PUMA/PUMA_STAGE2_COLAB/INPUTS/RAW/01_training_dataset_tif_ROIs/training_set_metastatic_roi_030.tif","662.0975886524823","906.8417021276596","661.2999877929688","906.6599731445312","[[661.2999877929688, 906.6599731445312]]","6","stroma","calibration","gt"
"training_set_metastatic_roi_056:217","training_set_metastatic_roi_056","training_set_metastatic_roi_056","/content/drive/MyDrive/Research/PUMA/PUMA_STAGE2_COLAB/INPUTS/RAW/01_training_dataset_tif_ROIs/training_set_metastatic_roi_056.tif","67.56100051046452","312.4032669729454","68.11363983154297","311.5909118652344","[[68.11363983154297, 311.5909118652344]]","6","stroma","calibration","gt"
"training_set_primary_roi_036:134","training_set_primary_roi_036","training_set_primary_roi_036","/content/drive/MyDrive/Research/PUMA/PUMA_STAGE2_COLAB/INPUTS/RAW/01_training_dataset_tif_ROIs/training_set_primary_roi_036.tif","582.9784250269687","272.33189500179793","583.2453002929688","271.28302001953125","[[583.2453002929688, 271.28302001953125]]","7","epithelium","calibration","gt"
"training_set_primary_roi_010:324","training_set_primary_roi_010","training_set_primary_roi_010","/content/drive/MyDrive/Research/PUMA/PUMA_STAGE2_COLAB/INPUTS/RAW/01_training_dataset_tif_ROIs/training_set_primary_roi_010.tif","306.8560366068286","926.8595564941921","305.0714416503906","926.4285888671875","[[305.0714416503906, 926.4285888671875]]","7","epithelium","calibration","gt"
"training_set_primary_roi_034:80","training_set_primary_roi_034","training_set_primary_roi_034","/content/drive/MyDrive/Research/PUMA/PUMA_STAGE2_COLAB/INPUTS/RAW/01_training_dataset_tif_ROIs/training_set_primary_roi_034.tif","486.8020686412788","282.1847672778561","487.2903137207031","281.80645751953125","[[487.2903137207031, 281.80645751953125]]","7","epithelium","calibration","gt"
"training_set_primary_roi_022:265","training_set_primary_roi_022","training_set_primary_roi_022","/content/drive/MyDrive/Research/PUMA/PUMA_STAGE2_COLAB/INPUTS/RAW/01_training_dataset_tif_ROIs/training_set_primary_roi_022.tif","442.01801801801804","749.4967239967241","441.89190673828125","750.0540771484375","[[441.89190673828125, 750.0540771484375]]","7","epithelium","calibration","gt"
"training_set_primary_roi_040:9","training_set_primary_roi_040","training_set_primary_roi_040","/content/drive/MyDrive/Research/PUMA/PUMA_STAGE2_COLAB/INPUTS/RAW/01_training_dataset_tif_ROIs/training_set_primary_roi_040.tif","607.1165165165165","12.116516516516517","606.6046752929688","10.930233001708984","[[606.6046752929688, 10.930233001708984]]","7","epithelium","calibration","gt"
"training_set_primary_roi_012:44","training_set_primary_roi_012","training_set_primary_roi_012","/content/drive/MyDrive/Research/PUMA/PUMA_STAGE2_COLAB/INPUTS/RAW/01_training_dataset_tif_ROIs/training_set_primary_roi_012.tif","915.6458574181117","171.53988439306357","914.5882568359375","171.2941131591797","[[914.5882568359375, 171.2941131591797]]","7","epithelium","calibration","gt"
"training_set_primary_roi_067:39","training_set_primary_roi_067","training_set_primary_roi_067","/content/drive/MyDrive/Research/PUMA/PUMA_STAGE2_COLAB/INPUTS/RAW/01_training_dataset_tif_ROIs/training_set_primary_roi_067.tif","535.0990857425253","101.80133432171979","535.3265380859375","101.42857360839844","[[535.3265380859375, 101.42857360839844]]","7","epithelium","calibration","gt"
"training_set_primary_roi_058:68","training_set_primary_roi_058","training_set_primary_roi_058","/content/drive/MyDrive/Research/PUMA/PUMA_STAGE2_COLAB/INPUTS/RAW/01_training_dataset_tif_ROIs/training_set_primary_roi_058.tif","999.5971578622181","248.81464318813715","999.1666870117188","247.25","[[999.1666870117188, 247.25]]","7","epithelium","calibration","gt"
"training_set_primary_roi_032:291","training_set_primary_roi_032","training_set_primary_roi_032","/content/drive/MyDrive/Research/PUMA/PUMA_STAGE2_COLAB/INPUTS/RAW/01_training_dataset_tif_ROIs/training_set_primary_roi_032.tif","887.7110877929346","596.4022385449458","885.5609741210938","597.3170776367188","[[885.5609741210938, 597.3170776367188]]","7","epithelium","calibration","gt"
"training_set_primary_roi_036:88","training_set_primary_roi_036","training_set_primary_roi_036","/content/drive/MyDrive/Research/PUMA/PUMA_STAGE2_COLAB/INPUTS/RAW/01_training_dataset_tif_ROIs/training_set_primary_roi_036.tif","398.5485849056604","171.07688679245283","397.9310302734375","168.48275756835938","[[397.9310302734375, 168.48275756835938]]","7","epithelium","calibration","gt"
"training_set_primary_roi_010:338","training_set_primary_roi_010","training_set_primary_roi_010","/content/drive/MyDrive/Research/PUMA/PUMA_STAGE2_COLAB/INPUTS/RAW/01_training_dataset_tif_ROIs/training_set_primary_roi_010.tif","114.2561924982307","961.3096249115357","112.19999694824219","957.4666748046875","[[112.19999694824219, 957.4666748046875]]","7","epithelium","calibration","gt"
"training_set_primary_roi_034:274","training_set_primary_roi_034","training_set_primary_roi_034","/content/drive/MyDrive/Research/PUMA/PUMA_STAGE2_COLAB/INPUTS/RAW/01_training_dataset_tif_ROIs/training_set_primary_roi_034.tif","728.7732323232323","900.579797979798","728.1923217773438","902.3846435546875","[[728.1923217773438, 902.3846435546875]]","7","epithelium","calibration","gt"
"training_set_primary_roi_022:268","training_set_primary_roi_022","training_set_primary_roi_022","/content/drive/MyDrive/Research/PUMA/PUMA_STAGE2_COLAB/INPUTS/RAW/01_training_dataset_tif_ROIs/training_set_primary_roi_022.tif","460.4232804232804","755.2849584278156","460.28125","755.53125","[[460.28125, 755.53125]]","7","epithelium","calibration","gt"
"training_set_primary_roi_040:76","training_set_primary_roi_040","training_set_primary_roi_040","/content/drive/MyDrive/Research/PUMA/PUMA_STAGE2_COLAB/INPUTS/RAW/01_training_dataset_tif_ROIs/training_set_primary_roi_040.tif","223.08059610705598","182.88625304136255","224.1777801513672","182.4888916015625","[[224.1777801513672, 182.4888916015625]]","7","epithelium","calibration","gt"
"training_set_primary_roi_012:66","training_set_primary_roi_012","training_set_primary_roi_012","/content/drive/MyDrive/Research/PUMA/PUMA_STAGE2_COLAB/INPUTS/RAW/01_training_dataset_tif_ROIs/training_set_primary_roi_012.tif","909.8141494788202","249.07939676203148","910.888916015625","248.5","[[910.888916015625, 248.5]]","7","epithelium","calibration","gt"
"training_set_primary_roi_067:71","training_set_primary_roi_067","training_set_primary_roi_067","/content/drive/MyDrive/Research/PUMA/PUMA_STAGE2_COLAB/INPUTS/RAW/01_training_dataset_tif_ROIs/training_set_primary_roi_067.tif","600.3705882352941","182.87083333333334","600.6221923828125","182.55555725097656","[[600.6221923828125, 182.55555725097656]]","7","epithelium","calibration","gt"
"training_set_primary_roi_058:58","training_set_primary_roi_058","training_set_primary_roi_058","/content/drive/MyDrive/Research/PUMA/PUMA_STAGE2_COLAB/INPUTS/RAW/01_training_dataset_tif_ROIs/training_set_primary_roi_058.tif","611.1052311435524","195.5626520681265","613.3333129882812","193.6666717529297","[[613.3333129882812, 193.6666717529297]]","7","epithelium","calibration","gt"
"training_set_primary_roi_032:392","training_set_primary_roi_032","training_set_primary_roi_032","/content/drive/MyDrive/Research/PUMA/PUMA_STAGE2_COLAB/INPUTS/RAW/01_training_dataset_tif_ROIs/training_set_primary_roi_032.tif","828.8144285093437","971.1129943502824","830.3636474609375","968.5908813476562","[[830.3636474609375, 968.5908813476562]]","7","epithelium","calibration","gt"
"training_set_metastatic_roi_040:172","training_set_metastatic_roi_040","training_set_metastatic_roi_040","/content/drive/MyDrive/Research/PUMA/PUMA_STAGE2_COLAB/INPUTS/RAW/01_training_dataset_tif_ROIs/training_set_metastatic_roi_040.tif","279.92417061611377","36.114797261716696","279.2368469238281","34.921051025390625","[[279.2368469238281, 34.921051025390625]]","8","endothelium","calibration","gt"
"training_set_primary_roi_010:60","training_set_primary_roi_010","training_set_primary_roi_010","/content/drive/MyDrive/Research/PUMA/PUMA_STAGE2_COLAB/INPUTS/RAW/01_training_dataset_tif_ROIs/training_set_primary_roi_010.tif","668.1621621621622","114.25987525987526","666.8571166992188","115.07142639160156","[[666.8571166992188, 115.07142639160156]]","8","endothelium","calibration","gt"
"training_set_primary_roi_020:196","training_set_primary_roi_020","training_set_primary_roi_020","/content/drive/MyDrive/Research/PUMA/PUMA_STAGE2_COLAB/INPUTS/RAW/01_training_dataset_tif_ROIs/training_set_primary_roi_020.tif","124.41480931154037","354.5388806339772","125.46875","351.796875","[[125.46875, 351.796875]]","8","endothelium","calibration","gt"
"training_set_primary_roi_068:246","training_set_primary_roi_068","training_set_primary_roi_068","/content/drive/MyDrive/Research/PUMA/PUMA_STAGE2_COLAB/INPUTS/RAW/01_training_dataset_tif_ROIs/training_set_primary_roi_068.tif","791.2708678828081","590.886124930901","792.1666870117188","587.8666381835938","[[792.1666870117188, 587.8666381835938]]","8","endothelium","calibration","gt"
"training_set_primary_roi_083:632","training_set_primary_roi_083","training_set_primary_roi_083","/content/drive/MyDrive/Research/PUMA/PUMA_STAGE2_COLAB/INPUTS/RAW/01_training_dataset_tif_ROIs/training_set_primary_roi_083.tif","989.9938120827227","898.5212506106498","990.876953125","897.5845947265625","[[990.876953125, 897.5845947265625]]","8","endothelium","calibration","gt"
"training_set_metastatic_roi_085:454","training_set_metastatic_roi_085","training_set_metastatic_roi_085","/content/drive/MyDrive/Research/PUMA/PUMA_STAGE2_COLAB/INPUTS/RAW/01_training_dataset_tif_ROIs/training_set_metastatic_roi_085.tif","66.52588996763754","347.6388349514563","63.52830123901367","346.1886901855469","[[63.52830123901367, 346.1886901855469]]","8","endothelium","calibration","gt"
"training_set_primary_roi_016:665","training_set_primary_roi_016","training_set_primary_roi_016","/content/drive/MyDrive/Research/PUMA/PUMA_STAGE2_COLAB/INPUTS/RAW/01_training_dataset_tif_ROIs/training_set_primary_roi_016.tif","70.33691317298457","168.04142577158544","67.03813934326172","166.3238525390625","[[67.03813934326172, 166.3238525390625]]","8","endothelium","calibration","gt"
"training_set_primary_roi_029:107","training_set_primary_roi_029","training_set_primary_roi_029","/content/drive/MyDrive/Research/PUMA/PUMA_STAGE2_COLAB/INPUTS/RAW/01_training_dataset_tif_ROIs/training_set_primary_roi_029.tif","775.8532825535001","312.5386289445049","774.0181884765625","313.14544677734375","[[774.0181884765625, 313.14544677734375]]","8","endothelium","calibration","gt"
"training_set_primary_roi_052:397","training_set_primary_roi_052","training_set_primary_roi_052","/content/drive/MyDrive/Research/PUMA/PUMA_STAGE2_COLAB/INPUTS/RAW/01_training_dataset_tif_ROIs/training_set_primary_roi_052.tif","560.5119787045253","623.9556344276841","561.1666870117188","622.25","[[561.1666870117188, 622.25]]","8","endothelium","calibration","gt"
"training_set_primary_roi_032:141","training_set_primary_roi_032","training_set_primary_roi_032","/content/drive/MyDrive/Research/PUMA/PUMA_STAGE2_COLAB/INPUTS/RAW/01_training_dataset_tif_ROIs/training_set_primary_roi_032.tif","984.1268735486594","264.8197171205404","986.0384521484375","263.7884521484375","[[986.0384521484375, 263.7884521484375]]","8","endothelium","calibration","gt"
"training_set_primary_roi_024:536","training_set_primary_roi_024","training_set_primary_roi_024","/content/drive/MyDrive/Research/PUMA/PUMA_STAGE2_COLAB/INPUTS/RAW/01_training_dataset_tif_ROIs/training_set_primary_roi_024.tif","230.44670050761422","375.5736040609137","230.2881317138672","375.5423583984375","[[230.2881317138672, 375.5423583984375]]","8","endothelium","calibration","gt"
"training_set_metastatic_roi_067:685","training_set_metastatic_roi_067","training_set_metastatic_roi_067","/content/drive/MyDrive/Research/PUMA/PUMA_STAGE2_COLAB/INPUTS/RAW/01_training_dataset_tif_ROIs/training_set_metastatic_roi_067.tif","377.48927536231884","893.8776811594204","377.34210205078125","894.0263061523438","[[377.34210205078125, 894.0263061523438]]","8","endothelium","calibration","gt"
"training_set_metastatic_roi_081:222","training_set_metastatic_roi_081","training_set_metastatic_roi_081","/content/drive/MyDrive/Research/PUMA/PUMA_STAGE2_COLAB/INPUTS/RAW/01_training_dataset_tif_ROIs/training_set_metastatic_roi_081.tif","488.6445937300064","159.9193857965451","487.2432556152344","160.05404663085938","[[487.2432556152344, 160.05404663085938]]","8","endothelium","calibration","gt"
"training_set_primary_roi_022:207","training_set_primary_roi_022","training_set_primary_roi_022","/content/drive/MyDrive/Research/PUMA/PUMA_STAGE2_COLAB/INPUTS/RAW/01_training_dataset_tif_ROIs/training_set_primary_roi_022.tif","349.0104608425219","547.9465648854962","348.9666748046875","546.3333129882812","[[348.9666748046875, 546.3333129882812]]","8","endothelium","calibration","gt"
"training_set_primary_roi_064:254","training_set_primary_roi_064","training_set_primary_roi_064","/content/drive/MyDrive/Research/PUMA/PUMA_STAGE2_COLAB/INPUTS/RAW/01_training_dataset_tif_ROIs/training_set_primary_roi_064.tif","158.37186629526462","599.5376044568245","158.65625","600.09375","[[158.65625, 600.09375]]","8","endothelium","calibration","gt"
"training_set_metastatic_roi_076:231","training_set_metastatic_roi_076","training_set_metastatic_roi_076","/content/drive/MyDrive/Research/PUMA/PUMA_STAGE2_COLAB/INPUTS/RAW/01_training_dataset_tif_ROIs/training_set_metastatic_roi_076.tif","279.5749525616698","1014.8399746995572","281.1111145019531","1013.5","[[281.1111145019531, 1013.5]]","8","endothelium","calibration","gt"
"training_set_metastatic_roi_087:219","training_set_metastatic_roi_087","training_set_metastatic_roi_087","/content/drive/MyDrive/Research/PUMA/PUMA_STAGE2_COLAB/INPUTS/RAW/01_training_dataset_tif_ROIs/training_set_metastatic_roi_087.tif","280.00526488976635","903.1589338598224","280.9772644042969","903.5681762695312","[[280.9772644042969, 903.5681762695312]]","8","endothelium","calibration","gt"
"training_set_metastatic_roi_080:259","training_set_metastatic_roi_080","training_set_metastatic_roi_080","/content/drive/MyDrive/Research/PUMA/PUMA_STAGE2_COLAB/INPUTS/RAW/01_training_dataset_tif_ROIs/training_set_metastatic_roi_080.tif","357.24026763990264","959.9361313868613","358.42425537109375","960.0606079101562","[[358.42425537109375, 960.0606079101562]]","8","endothelium","calibration","gt"
"training_set_primary_roi_016:171","training_set_primary_roi_016","training_set_primary_roi_016","/content/drive/MyDrive/Research/PUMA/PUMA_STAGE2_COLAB/INPUTS/RAW/01_training_dataset_tif_ROIs/training_set_primary_roi_016.tif","305.5229982964225","220.98466780238502","305.96551513671875","219.89654541015625","[[305.96551513671875, 219.89654541015625]]","9","apoptosis","calibration","gt"
"training_set_metastatic_roi_061:199","training_set_metastatic_roi_061","training_set_metastatic_roi_061","/content/drive/MyDrive/Research/PUMA/PUMA_STAGE2_COLAB/INPUTS/RAW/01_training_dataset_tif_ROIs/training_set_metastatic_roi_061.tif","876.8740875912408","623.8181265206812","876.5652465820312","623.04345703125","[[876.5652465820312, 623.04345703125]]","9","apoptosis","calibration","gt"
"training_set_metastatic_roi_046:426","training_set_metastatic_roi_046","training_set_metastatic_roi_046","/content/drive/MyDrive/Research/PUMA/PUMA_STAGE2_COLAB/INPUTS/RAW/01_training_dataset_tif_ROIs/training_set_metastatic_roi_046.tif","11.164852255054432","84.7926386728875","11.421052932739258","83.75438690185547","[[11.421052932739258, 83.75438690185547]]","9","apoptosis","calibration","gt"
"training_set_metastatic_roi_031:164","training_set_metastatic_roi_031","training_set_metastatic_roi_031","/content/drive/MyDrive/Research/PUMA/PUMA_STAGE2_COLAB/INPUTS/RAW/01_training_dataset_tif_ROIs/training_set_metastatic_roi_031.tif","861.8124012638231","601.4431279620853","861.5789184570312","600.631591796875","[[861.5789184570312, 600.631591796875]]","9","apoptosis","calibration","gt"
"training_set_metastatic_roi_023:405","training_set_metastatic_roi_023","training_set_metastatic_roi_023","/content/drive/MyDrive/Research/PUMA/PUMA_STAGE2_COLAB/INPUTS/RAW/01_training_dataset_tif_ROIs/training_set_metastatic_roi_023.tif","992.8963426189123","830.4241046048892","993.3855590820312","828.2891845703125","[[993.3855590820312, 828.2891845703125]]","9","apoptosis","calibration","gt"
"training_set_primary_roi_096:420","training_set_primary_roi_096","training_set_primary_roi_096","/content/drive/MyDrive/Research/PUMA/PUMA_STAGE2_COLAB/INPUTS/RAW/01_training_dataset_tif_ROIs/training_set_primary_roi_096.tif","62.690674053554936","652.1542012927055","62.66666793823242","650.7777709960938","[[62.66666793823242, 650.7777709960938]]","9","apoptosis","calibration","gt"
"training_set_metastatic_roi_015:169","training_set_metastatic_roi_015","training_set_metastatic_roi_015","/content/drive/MyDrive/Research/PUMA/PUMA_STAGE2_COLAB/INPUTS/RAW/01_training_dataset_tif_ROIs/training_set_metastatic_roi_015.tif","577.187866927593","627.8871493803001","577.4500122070312","626.9500122070312","[[577.4500122070312, 626.9500122070312]]","9","apoptosis","calibration","gt"
"training_set_metastatic_roi_029:516","training_set_metastatic_roi_029","training_set_metastatic_roi_029","/content/drive/MyDrive/Research/PUMA/PUMA_STAGE2_COLAB/INPUTS/RAW/01_training_dataset_tif_ROIs/training_set_metastatic_roi_029.tif","254.38711054204012","141.6594110115237","253.76315307617188","140.8157958984375","[[253.76315307617188, 140.8157958984375]]","9","apoptosis","calibration","gt"
"training_set_metastatic_roi_018:257","training_set_metastatic_roi_018","training_set_metastatic_roi_018","/content/drive/MyDrive/Research/PUMA/PUMA_STAGE2_COLAB/INPUTS/RAW/01_training_dataset_tif_ROIs/training_set_metastatic_roi_018.tif","942.4292604501608","919.4019292604502","942.5","918.3902587890625","[[942.5, 918.3902587890625]]","9","apoptosis","calibration","gt"
"training_set_metastatic_roi_056:226","training_set_metastatic_roi_056","training_set_metastatic_roi_056","/content/drive/MyDrive/Research/PUMA/PUMA_STAGE2_COLAB/INPUTS/RAW/01_training_dataset_tif_ROIs/training_set_metastatic_roi_056.tif","855.6599099099099","849.1493993993994","854.5999755859375","850.5428466796875","[[854.5999755859375, 850.5428466796875]]","9","apoptosis","calibration","gt"
"training_set_metastatic_roi_001:231","training_set_metastatic_roi_001","training_set_metastatic_roi_001","/content/drive/MyDrive/Research/PUMA/PUMA_STAGE2_COLAB/INPUTS/RAW/01_training_dataset_tif_ROIs/training_set_metastatic_roi_001.tif","458.29323570432354","32.108089260808924","458.8974304199219","34.487178802490234","[[458.8974304199219, 34.487178802490234]]","9","apoptosis","calibration","gt"
"training_set_primary_roi_082:236","training_set_primary_roi_082","training_set_primary_roi_082","/content/drive/MyDrive/Research/PUMA/PUMA_STAGE2_COLAB/INPUTS/RAW/01_training_dataset_tif_ROIs/training_set_primary_roi_082.tif","364.0","389.0","364.30767822265625","388.5769348144531","[[364.30767822265625, 388.5769348144531]]","9","apoptosis","calibration","gt"
"training_set_primary_roi_058:408","training_set_primary_roi_058","training_set_primary_roi_058","/content/drive/MyDrive/Research/PUMA/PUMA_STAGE2_COLAB/INPUTS/RAW/01_training_dataset_tif_ROIs/training_set_primary_roi_058.tif","956.8606863744479","936.1777098199117","956.9347534179688","935.3043212890625","[[956.9347534179688, 935.3043212890625]]","9","apoptosis","calibration","gt"
"training_set_primary_roi_067:305","training_set_primary_roi_067","training_set_primary_roi_067","/content/drive/MyDrive/Research/PUMA/PUMA_STAGE2_COLAB/INPUTS/RAW/01_training_dataset_tif_ROIs/training_set_primary_roi_067.tif","190.9893969516236","734.6805831676606","189.55555725097656","735.888916015625","[[189.55555725097656, 735.888916015625]]","9","apoptosis","calibration","gt"
"training_set_primary_roi_086:534","training_set_primary_roi_086","training_set_primary_roi_086","/content/drive/MyDrive/Research/PUMA/PUMA_STAGE2_COLAB/INPUTS/RAW/01_training_dataset_tif_ROIs/training_set_primary_roi_086.tif","246.1909090909091","92.0","246.13888549804688","91.83333587646484","[[246.13888549804688, 91.83333587646484]]","9","apoptosis","calibration","gt"
"training_set_primary_roi_064:284","training_set_primary_roi_064","training_set_primary_roi_064","/content/drive/MyDrive/Research/PUMA/PUMA_STAGE2_COLAB/INPUTS/RAW/01_training_dataset_tif_ROIs/training_set_primary_roi_064.tif","183.25503355704697","647.9753914988814","182.875","646.8125","[[182.875, 646.8125]]","9","apoptosis","calibration","gt"
"training_set_metastatic_roi_102:136","training_set_metastatic_roi_102","training_set_metastatic_roi_102","/content/drive/MyDrive/Research/PUMA/PUMA_STAGE2_COLAB/INPUTS/RAW/01_training_dataset_tif_ROIs/training_set_metastatic_roi_102.tif","142.73774509803923","377.5906862745098","143.5918426513672","375.653076171875","[[143.5918426513672, 375.653076171875]]","9","apoptosis","calibration","gt"
"training_set_primary_roi_052:613","training_set_primary_roi_052","training_set_primary_roi_052","/content/drive/MyDrive/Research/PUMA/PUMA_STAGE2_COLAB/INPUTS/RAW/01_training_dataset_tif_ROIs/training_set_primary_roi_052.tif","166.99415204678363","1005.7076023391813","167.375","1005.25","[[167.375, 1005.25]]","9","apoptosis","calibration","gt"
