true_id,true,pred_id,pred,n,mean_conf,median_margin,correct_is_second_rate
0,tumor,3,histiocyte,1137,0.6311680766734139,0.40874594760946253,0.39489885664028146
0,tumor,9,apoptosis,780,0.6250429505705002,0.39172832455839324,0.45897435897435895
0,tumor,1,lymphocyte,644,0.5680214804246154,0.274675839812614,0.32608695652173914
0,tumor,7,epithelium,482,0.6158328152417991,0.3382379056573603,0.6576763485477178
0,tumor,6,stroma,438,0.6239695746389036,0.4031503218112706,0.2968036529680365
0,tumor,8,endothelium,366,0.6345741058559347,0.3711528725617279,0.26229508196721313
0,tumor,2,plasma_cell,284,0.5667394141685383,0.2980697162580271,0.36971830985915494
0,tumor,4,melanophage,168,0.6433818558687595,0.45588130376052666,0.4226190476190476
1,lymphocyte,3,histiocyte,91,0.6036570318358784,0.3343464138006157,0.6703296703296703
1,lymphocyte,2,plasma_cell,77,0.6729820026332606,0.3865544740720803,0.7402597402597403
1,lymphocyte,9,apoptosis,65,0.630999245164253,0.44766652855563777,0.6307692307692307
6,stroma,3,histiocyte,59,0.6293425402784316,0.41381996301576085,0.3220338983050847
6,stroma,1,lymphocyte,40,0.6611622551876499,0.5668564726580974,0.275
1,lymphocyte,8,endothelium,34,0.5862421583660585,0.358929673807606,0.5588235294117647
1,lymphocyte,6,stroma,30,0.594678785609259,0.3658605618415248,0.6666666666666666
3,histiocyte,1,lymphocyte,25,0.597365562268416,0.3538337882091015,0.52
1,lymphocyte,5,neutrophil,23,0.6807142875411136,0.4376905583846733,0.4782608695652174
8,endothelium,6,stroma,21,0.6373510252661987,0.45672757437145584,0.2857142857142857
6,stroma,9,apoptosis,20,0.5282788159419292,0.1961563171859778,0.45
3,histiocyte,9,apoptosis,19,0.6011736849473578,0.35184857396717983,0.3157894736842105
3,histiocyte,8,endothelium,19,0.73214451668708,0.6304859790866717,0.5263157894736842
1,lymphocyte,0,tumor,18,0.5213966739086683,0.34213365291287945,0.5555555555555556
0,tumor,5,neutrophil,18,0.6218827800742468,0.3027494482874462,0.0
1,lymphocyte,7,epithelium,18,0.5525314813540403,0.3361581203600401,0.5555555555555556
6,stroma,0,tumor,18,0.5632101355164013,0.29212342487009724,0.3888888888888889
8,endothelium,3,histiocyte,14,0.6478529122674861,0.47529990697833235,0.21428571428571427
6,stroma,4,melanophage,11,0.7393404600629551,0.8072472355319977,0.2727272727272727
3,histiocyte,7,epithelium,9,0.5407731964556004,0.43788031053596604,0.1111111111111111
6,stroma,8,endothelium,8,0.6052314354772039,0.3838856398185563,0.375
3,histiocyte,6,stroma,8,0.5825272420969902,0.3434681661478484,0.125
3,histiocyte,2,plasma_cell,7,0.5604032954065069,0.26164891049492467,0.7142857142857143
6,stroma,7,epithelium,6,0.6624657356154563,0.6055853147493897,0.5
9,apoptosis,5,neutrophil,5,0.8949105126577492,0.9001588676991747,0.8
8,endothelium,1,lymphocyte,5,0.5147609237353656,0.3066483521668315,0.4
1,lymphocyte,4,melanophage,5,0.4823654392968678,0.09518563785081635,0.6
8,endothelium,0,tumor,5,0.47490301112860617,0.1606752279039301,0.2
9,apoptosis,1,lymphocyte,5,0.5502544189123366,0.24569620513027485,0.6
2,plasma_cell,1,lymphocyte,4,0.8398553878403744,0.7427734393937537,0.75
3,histiocyte,0,tumor,4,0.4940102369317323,0.17339378315894366,0.25
9,apoptosis,0,tumor,4,0.4872275416843914,0.15174148156905756,0.25
3,histiocyte,4,melanophage,4,0.8549196313338885,0.862742703622823,0.5
6,stroma,2,plasma_cell,3,0.4850407546780384,0.1064981265768693,0.0
9,apoptosis,4,melanophage,3,0.6938043779284307,0.5580722337808174,0.0
8,endothelium,2,plasma_cell,3,0.3358322132039011,0.03617697585245705,0.0
9,apoptosis,6,stroma,3,0.5928052191376955,0.43373914925537294,0.3333333333333333
8,endothelium,9,apoptosis,3,0.5759948058620757,0.32189466066077227,0.0
8,endothelium,4,melanophage,2,0.5914668783460991,0.41320515269990027,0.0
4,melanophage,6,stroma,2,0.7604538917670018,0.65894451335993,0.0
8,endothelium,7,epithelium,2,0.522871726286231,0.31110984875769976,0.0
4,melanophage,1,lymphocyte,1,0.5995654900639947,0.402349331958455,0.0
3,histiocyte,5,neutrophil,1,0.3136178054276629,0.02873235756964465,0.0
4,melanophage,0,tumor,1,0.339747271497452,0.12539460945599046,0.0
