feature,spearman_error,p_value
class_id,0.8064295638002366,0.0
p_tumor,-0.562046240273651,0.0
score,-0.2665773466883188,1.061468540878666e-173
p_endothelium,0.18110702707661017,1.1700984831037044e-79
p_stroma,0.17425272643273992,8.595996952716951e-74
p_histiocyte,0.1668277382001404,1.0455616203978323e-67
p_apoptosis,0.15598612592266997,2.544833189150779e-59
p_lymphocyte,0.14623005115422685,2.8244142291479894e-52
p_epithelium,-0.10114458225816414,9.20079038249411e-26
p_plasma_cell,0.09615648780133343,1.980133331108732e-23
p_melanophage,0.06577151012852953,9.501691851781035e-12
p_neutrophil,-0.043311276894279715,7.317225549283901e-06
x_gt,0.024462343345483167,0.01134442759441762
eval_x,0.0244602864997031,0.011351318958640213
eval_y,0.01143347341818261,0.23670958016859533
y_gt,0.011407127470316933,0.2377916541208701
