group,n,accuracy
training_set_primary_roi_085,346,0.10404624277456648
training_set_primary_roi_088,275,0.20727272727272728
training_set_primary_roi_071,253,0.233201581027668
training_set_primary_roi_072,467,0.3169164882226981
training_set_metastatic_roi_019,415,0.3421686746987952
training_set_primary_roi_019,323,0.37770897832817335
training_set_metastatic_roi_013,852,0.3884976525821596
training_set_primary_roi_050,727,0.39752407152682256
training_set_primary_roi_035,501,0.4311377245508982
training_set_primary_roi_077,486,0.4897119341563786
training_set_primary_roi_003,691,0.573082489146165
training_set_metastatic_roi_096,376,0.5771276595744681
training_set_metastatic_roi_077,434,0.5921658986175116
training_set_metastatic_roi_074,428,0.5981308411214953
training_set_primary_roi_008,487,0.6036960985626283
training_set_metastatic_roi_044,475,0.631578947368421
training_set_metastatic_roi_050,565,0.6619469026548672
training_set_primary_roi_078,289,0.6643598615916955
training_set_metastatic_roi_082,514,0.7140077821011673
training_set_primary_roi_092,305,0.7377049180327869
training_set_metastatic_roi_038,503,0.7415506958250497
training_set_primary_roi_066,235,0.7787234042553192
training_set_metastatic_roi_009,502,0.8007968127490039
training_set_metastatic_roi_033,263,0.8212927756653993
